Date,Hour,Gross Sales,Net Sales
01/01/2025,,,
,12:00:00 AM,0,0
,1:00:00 AM,0,0
,2:00:00 AM,0,0
,3:00:00 AM,0,0
,4:00:00 AM,0,0
,5:00:00 AM,0,0
,6:00:00 AM,0,0
,7:00:00 AM,0,0
,8:00:00 AM,0,0
,9:00:00 AM,0,0
,10:00:00 AM,0,0
,11:00:00 AM,0,0
,12:00:00 PM,0,0
,1:00:00 PM,0,0
,2:00:00 PM,0,0
,3:00:00 PM,0,0
,4:00:00 PM,0,0
,5:00:00 PM,0,0
,6:00:00 PM,0,0
,7:00:00 PM,0,0
,8:00:00 PM,0,0
,9:00:00 PM,0,0
,10:00:00 PM,0,0
,11:00:00 PM,0,0
01/01/2026,,,
,12:00:00 AM,0,0
,1:00:00 AM,0,0
,2:00:00 AM,0,0
,3:00:00 AM,0,0
,4:00:00 AM,0,0
,5:00:00 AM,0,0
,6:00:00 AM,0,0
,7:00:00 AM,0,0
,8:00:00 AM,0,0
,9:00:00 AM,0,0
,10:00:00 AM,0,0
,11:00:00 AM,0,0
,12:00:00 PM,0,0
,1:00:00 PM,0,0
,2:00:00 PM,0,0
,3:00:00 PM,0,0
,4:00:00 PM,18.8,18.8
,5:00:00 PM,1174.36,1174.36
,6:00:00 PM,795.84,795.84
,7:00:00 PM,2087.74,2087.74
,8:00:00 PM,0,0
,9:00:00 PM,2317.52,2317.52
,10:00:00 PM,653.79,653.79
,11:00:00 PM,0,0
01/02/2025,,,
,12:00:00 AM,0,0
,1:00:00 AM,0,0
,2:00:00 AM,0,0
,3:00:00 AM,0,0
,4:00:00 AM,0,0
,5:00:00 AM,0,0
,6:00:00 AM,0,0
,7:00:00 AM,0,0
,8:00:00 AM,0,0
,9:00:00 AM,0,0
,10:00:00 AM,0,0
,11:00:00 AM,0,0
,12:00:00 PM,0,0
,1:00:00 PM,0,0
,2:00:00 PM,0,0
,3:00:00 PM,0,0
,4:00:00 PM,0,0
,5:00:00 PM,0,0
,6:00:00 PM,0,0
,7:00:00 PM,0,0
,8:00:00 PM,0,0
,9:00:00 PM,0,0
,10:00:00 PM,0,0
,11:00:00 PM,0,0
01/02/2026,,,
,12:00:00 AM,0,0
,1:00:00 AM,0,0
,2:00:00 AM,0,0
,3:00:00 AM,0,0
,4:00:00 AM,0,0
,5:00:00 AM,0,0
,6:00:00 AM,0,0
,7:00:00 AM,0,0
,8:00:00 AM,21.41,21.41
,9:00:00 AM,69.98,69.98
,10:00:00 AM,89.82,89.82
,11:00:00 AM,537.31,450.51
,12:00:00 PM,72.59,72.59
,1:00:00 PM,424.88,396.88
,2:00:00 PM,0,0
,3:00:00 PM,0,0
,4:00:00 PM,0,0
,5:00:00 PM,595.3,595.3
,6:00:00 PM,1879.92,1879.92
,7:00:00 PM,1808.9,1808.9
,8:00:00 PM,621.37,621.37
,9:00:00 PM,2644.42,2644.42
,10:00:00 PM,428.2,428.2
,11:00:00 PM,0,0
01/03/2025,,,
,12:00:00 AM,0,0
,1:00:00 AM,0,0
,2:00:00 AM,0,0
,3:00:00 AM,0,0
,4:00:00 AM,0,0
,5:00:00 AM,0,0
,6:00:00 AM,0,0
,7:00:00 AM,0,0
,8:00:00 AM,0,0
,9:00:00 AM,0,0
,10:00:00 AM,0,0
,11:00:00 AM,0,0
,12:00:00 PM,0,0
,1:00:00 PM,0,0
,2:00:00 PM,0,0
,3:00:00 PM,0,0
,4:00:00 PM,0,0
,5:00:00 PM,0,0
,6:00:00 PM,0,0
,7:00:00 PM,0,0
,8:00:00 PM,0,0
,9:00:00 PM,0,0
,10:00:00 PM,0,0
,11:00:00 PM,0,0
01/03/2026,,,
,12:00:00 AM,0,0
,1:00:00 AM,0,0
,2:00:00 AM,0,0
,3:00:00 AM,0,0
,4:00:00 AM,0,0
,5:00:00 AM,0,0
,6:00:00 AM,0,0
,7:00:00 AM,0,0
,8:00:00 AM,0,0
,9:00:00 AM,7.31,7.31
,10:00:00 AM,204.7,204.7
,11:00:00 AM,78.79,65.59
,12:00:00 PM,71.62,61.62
,1:00:00 PM,0,0
,2:00:00 PM,0,0
,3:00:00 PM,0,0
,4:00:00 PM,0,0
,5:00:00 PM,1068.42,1068.42
,6:00:00 PM,713.33,713.33
,7:00:00 PM,2800.23,2800.23
,8:00:00 PM,0,0
,9:00:00 PM,1478.86,1478.86
,10:00:00 PM,1238.65,1238.65
,11:00:00 PM,0,0
01/04/2025,,,
,12:00:00 AM,0,0
,1:00:00 AM,0,0
,2:00:00 AM,0,0
,3:00:00 AM,0,0
,4:00:00 AM,0,0
,5:00:00 AM,0,0
,6:00:00 AM,0,0
,7:00:00 AM,0,0
,8:00:00 AM,0,0
,9:00:00 AM,0,0
,10:00:00 AM,0,0
,11:00:00 AM,0,0
,12:00:00 PM,0,0
,1:00:00 PM,0,0
,2:00:00 PM,0,0
,3:00:00 PM,0,0
,4:00:00 PM,0,0
,5:00:00 PM,0,0
,6:00:00 PM,0,0
,7:00:00 PM,0,0
,8:00:00 PM,0,0
,9:00:00 PM,0,0
,10:00:00 PM,0,0
,11:00:00 PM,0,0
01/04/2026,,,
,12:00:00 AM,0,0
,1:00:00 AM,0,0
,2:00:00 AM,0,0
,3:00:00 AM,0,0
,4:00:00 AM,0,0
,5:00:00 AM,0,0
,6:00:00 AM,0,0
,7:00:00 AM,0,0
,8:00:00 AM,0,0
,9:00:00 AM,0,0
,10:00:00 AM,0,0
,11:00:00 AM,0,0
,12:00:00 PM,0,0
,1:00:00 PM,0,0
,2:00:00 PM,0,0
,3:00:00 PM,0,0
,4:00:00 PM,0,0
,5:00:00 PM,0,0
,6:00:00 PM,0,0
,7:00:00 PM,0,0
,8:00:00 PM,0,0
,9:00:00 PM,0,0
,10:00:00 PM,0,0
,11:00:00 PM,0,0
01/05/2025,,,
,12:00:00 AM,0,0
,1:00:00 AM,0,0
,2:00:00 AM,0,0
,3:00:00 AM,0,0
,4:00:00 AM,0,0
,5:00:00 AM,0,0
,6:00:00 AM,0,0
,7:00:00 AM,0,0
,8:00:00 AM,0,0
,9:00:00 AM,0,0
,10:00:00 AM,0,0
,11:00:00 AM,0,0
,12:00:00 PM,0,0
,1:00:00 PM,0,0
,2:00:00 PM,0,0
,3:00:00 PM,0,0
,4:00:00 PM,0,0
,5:00:00 PM,0,0
,6:00:00 PM,0,0
,7:00:00 PM,0,0
,8:00:00 PM,0,0
,9:00:00 PM,0,0
,10:00:00 PM,0,0
,11:00:00 PM,0,0
01/05/2026,,,
,12:00:00 AM,0,0
,1:00:00 AM,0,0
,2:00:00 AM,0,0
,3:00:00 AM,0,0
,4:00:00 AM,0,0
,5:00:00 AM,0,0
,6:00:00 AM,0,0
,7:00:00 AM,0,0
,8:00:00 AM,0,0
,9:00:00 AM,0,0
,10:00:00 AM,0,0
,11:00:00 AM,0,0
,12:00:00 PM,0,0
,1:00:00 PM,0,0
,2:00:00 PM,0,0
,3:00:00 PM,0,0
,4:00:00 PM,0,0
,5:00:00 PM,0,0
,6:00:00 PM,0,0
,7:00:00 PM,0,0
,8:00:00 PM,0,0
,9:00:00 PM,0,0
,10:00:00 PM,0,0
,11:00:00 PM,0,0
01/06/2025,,,
,12:00:00 AM,0,0
,1:00:00 AM,0,0
,2:00:00 AM,0,0
,3:00:00 AM,0,0
,4:00:00 AM,0,0
,5:00:00 AM,0,0
,6:00:00 AM,0,0
,7:00:00 AM,0,0
,8:00:00 AM,0,0
,9:00:00 AM,0,0
,10:00:00 AM,0,0
,11:00:00 AM,0,0
,12:00:00 PM,0,0
,1:00:00 PM,0,0
,2:00:00 PM,0,0
,3:00:00 PM,0,0
,4:00:00 PM,0,0
,5:00:00 PM,0,0
,6:00:00 PM,0,0
,7:00:00 PM,0,0
,8:00:00 PM,0,0
,9:00:00 PM,0,0
,10:00:00 PM,0,0
,11:00:00 PM,0,0
01/06/2026,,,
,12:00:00 AM,0,0
,1:00:00 AM,0,0
,2:00:00 AM,0,0
,3:00:00 AM,0,0
,4:00:00 AM,0,0
,5:00:00 AM,0,0
,6:00:00 AM,0,0
,7:00:00 AM,0,0
,8:00:00 AM,0,0
,9:00:00 AM,0,0
,10:00:00 AM,0,0
,11:00:00 AM,0,0
,12:00:00 PM,0,0
,1:00:00 PM,0,0
,2:00:00 PM,0,0
,3:00:00 PM,0,0
,4:00:00 PM,0,0
,5:00:00 PM,0,0
,6:00:00 PM,0,0
,7:00:00 PM,0,0
,8:00:00 PM,0,0
,9:00:00 PM,0,0
,10:00:00 PM,0,0
,11:00:00 PM,0,0
01/07/2025,,,
,12:00:00 AM,0,0
,1:00:00 AM,0,0
,2:00:00 AM,0,0
,3:00:00 AM,0,0
,4:00:00 AM,0,0
,5:00:00 AM,0,0
,6:00:00 AM,0,0
,7:00:00 AM,0,0
,8:00:00 AM,0,0
,9:00:00 AM,0,0
,10:00:00 AM,0,0
,11:00:00 AM,0,0
,12:00:00 PM,0,0
,1:00:00 PM,0,0
,2:00:00 PM,0,0
,3:00:00 PM,0,0
,4:00:00 PM,0,0
,5:00:00 PM,0,0
,6:00:00 PM,0,0
,7:00:00 PM,0,0
,8:00:00 PM,0,0
,9:00:00 PM,0,0
,10:00:00 PM,0,0
,11:00:00 PM,0,0
01/07/2026,,,
,12:00:00 AM,0,0
,1:00:00 AM,0,0
,2:00:00 AM,0,0
,3:00:00 AM,0,0
,4:00:00 AM,0,0
,5:00:00 AM,0,0
,6:00:00 AM,0,0
,7:00:00 AM,0,0
,8:00:00 AM,0,0
,9:00:00 AM,0,0
,10:00:00 AM,0,0
,11:00:00 AM,0,0
,12:00:00 PM,0,0
,1:00:00 PM,0,0
,2:00:00 PM,0,0
,3:00:00 PM,0,0
,4:00:00 PM,0,0
,5:00:00 PM,0,0
,6:00:00 PM,0,0
,7:00:00 PM,0,0
,8:00:00 PM,0,0
,9:00:00 PM,0,0
,10:00:00 PM,0,0
,11:00:00 PM,0,0
01/08/2025,,,
,12:00:00 AM,0,0
,1:00:00 AM,0,0
,2:00:00 AM,0,0
,3:00:00 AM,0,0
,4:00:00 AM,0,0
,5:00:00 AM,0,0
,6:00:00 AM,0,0
,7:00:00 AM,0,0
,8:00:00 AM,0,0
,9:00:00 AM,0,0
,10:00:00 AM,0,0
,11:00:00 AM,0,0
,12:00:00 PM,0,0
,1:00:00 PM,0,0
,2:00:00 PM,0,0
,3:00:00 PM,0,0
,4:00:00 PM,0,0
,5:00:00 PM,0,0
,6:00:00 PM,0,0
,7:00:00 PM,0,0
,8:00:00 PM,0,0
,9:00:00 PM,0,0
,10:00:00 PM,0,0
,11:00:00 PM,0,0
01/08/2026,,,
,12:00:00 AM,0,0
,1:00:00 AM,0,0
,2:00:00 AM,0,0
,3:00:00 AM,0,0
,4:00:00 AM,0,0
,5:00:00 AM,0,0
,6:00:00 AM,0,0
,7:00:00 AM,0,0
,8:00:00 AM,0,0
,9:00:00 AM,0,0
,10:00:00 AM,0,0
,11:00:00 AM,0,0
,12:00:00 PM,0,0
,1:00:00 PM,0,0
,2:00:00 PM,0,0
,3:00:00 PM,36.8,18.8
,4:00:00 PM,0,0
,5:00:00 PM,0,0
,6:00:00 PM,0,0
,7:00:00 PM,0,0
,8:00:00 PM,0,0
,9:00:00 PM,0,0
,10:00:00 PM,0,0
,11:00:00 PM,0,0
01/09/2025,,,
,12:00:00 AM,0,0
,1:00:00 AM,0,0
,2:00:00 AM,0,0
,3:00:00 AM,0,0
,4:00:00 AM,0,0
,5:00:00 AM,0,0
,6:00:00 AM,0,0
,7:00:00 AM,0,0
,8:00:00 AM,0,0
,9:00:00 AM,0,0
,10:00:00 AM,0,0
,11:00:00 AM,0,0
,12:00:00 PM,0,0
,1:00:00 PM,0,0
,2:00:00 PM,0,0
,3:00:00 PM,0,0
,4:00:00 PM,0,0
,5:00:00 PM,0,0
,6:00:00 PM,0,0
,7:00:00 PM,0,0
,8:00:00 PM,0,0
,9:00:00 PM,0,0
,10:00:00 PM,0,0
,11:00:00 PM,0,0
01/09/2026,,,
,12:00:00 AM,0,0
,1:00:00 AM,0,0
,2:00:00 AM,0,0
,3:00:00 AM,0,0
,4:00:00 AM,0,0
,5:00:00 AM,0,0
,6:00:00 AM,0,0
,7:00:00 AM,0,0
,8:00:00 AM,0,0
,9:00:00 AM,0,0
,10:00:00 AM,0,0
,11:00:00 AM,0,0
,12:00:00 PM,0,0
,1:00:00 PM,0,0
,2:00:00 PM,0,0
,3:00:00 PM,0,0
,4:00:00 PM,0,0
,5:00:00 PM,0,0
,6:00:00 PM,0,0
,7:00:00 PM,0,0
,8:00:00 PM,0,0
,9:00:00 PM,0,0
,10:00:00 PM,0,0
,11:00:00 PM,0,0
01/10/2025,,,
,12:00:00 AM,0,0
,1:00:00 AM,0,0
,2:00:00 AM,0,0
,3:00:00 AM,0,0
,4:00:00 AM,0,0
,5:00:00 AM,0,0
,6:00:00 AM,0,0
,7:00:00 AM,0,0
,8:00:00 AM,0,0
,9:00:00 AM,0,0
,10:00:00 AM,0,0
,11:00:00 AM,0,0
,12:00:00 PM,0,0
,1:00:00 PM,0,0
,2:00:00 PM,0,0
,3:00:00 PM,0,0
,4:00:00 PM,0,0
,5:00:00 PM,0,0
,6:00:00 PM,0,0
,7:00:00 PM,0,0
,8:00:00 PM,0,0
,9:00:00 PM,0,0
,10:00:00 PM,0,0
,11:00:00 PM,0,0
01/10/2026,,,
,12:00:00 AM,0,0
,1:00:00 AM,0,0
,2:00:00 AM,0,0
,3:00:00 AM,0,0
,4:00:00 AM,0,0
,5:00:00 AM,0,0
,6:00:00 AM,0,0
,7:00:00 AM,0,0
,8:00:00 AM,0,0
,9:00:00 AM,0,0
,10:00:00 AM,0,0
,11:00:00 AM,0,0
,12:00:00 PM,0,0
,1:00:00 PM,0,0
,2:00:00 PM,0,0
,3:00:00 PM,0,0
,4:00:00 PM,0,0
,5:00:00 PM,0,0
,6:00:00 PM,0,0
,7:00:00 PM,0,0
,8:00:00 PM,0,0
,9:00:00 PM,0,0
,10:00:00 PM,0,0
,11:00:00 PM,0,0
01/11/2025,,,
,12:00:00 AM,0,0
,1:00:00 AM,0,0
,2:00:00 AM,0,0
,3:00:00 AM,0,0
,4:00:00 AM,0,0
,5:00:00 AM,0,0
,6:00:00 AM,0,0
,7:00:00 AM,0,0
,8:00:00 AM,0,0
,9:00:00 AM,0,0
,10:00:00 AM,0,0
,11:00:00 AM,0,0
,12:00:00 PM,0,0
,1:00:00 PM,0,0
,2:00:00 PM,0,0
,3:00:00 PM,0,0
,4:00:00 PM,0,0
,5:00:00 PM,0,0
,6:00:00 PM,0,0
,7:00:00 PM,0,0
,8:00:00 PM,0,0
,9:00:00 PM,0,0
,10:00:00 PM,0,0
,11:00:00 PM,0,0
01/11/2026,,,
,12:00:00 AM,0,0
,1:00:00 AM,0,0
,2:00:00 AM,0,0
,3:00:00 AM,0,0
,4:00:00 AM,0,0
,5:00:00 AM,0,0
,6:00:00 AM,0,0
,7:00:00 AM,0,0
,8:00:00 AM,0,0
,9:00:00 AM,0,0
,10:00:00 AM,0,0
,11:00:00 AM,0,0
,12:00:00 PM,0,0
,1:00:00 PM,0,0
,2:00:00 PM,0,0
,3:00:00 PM,0,0
,4:00:00 PM,0,0
,5:00:00 PM,0,0
,6:00:00 PM,0,0
,7:00:00 PM,0,0
,8:00:00 PM,0,0
,9:00:00 PM,0,0
,10:00:00 PM,0,0
,11:00:00 PM,0,0
01/12/2025,,,
,12:00:00 AM,0,0
,1:00:00 AM,0,0
,2:00:00 AM,0,0
,3:00:00 AM,0,0
,4:00:00 AM,0,0
,5:00:00 AM,0,0
,6:00:00 AM,0,0
,7:00:00 AM,0,0
,8:00:00 AM,0,0
,9:00:00 AM,0,0
,10:00:00 AM,0,0
,11:00:00 AM,0,0
,12:00:00 PM,0,0
,1:00:00 PM,0,0
,2:00:00 PM,0,0
,3:00:00 PM,0,0
,4:00:00 PM,0,0
,5:00:00 PM,0,0
,6:00:00 PM,0,0
,7:00:00 PM,0,0
,8:00:00 PM,0,0
,9:00:00 PM,0,0
,10:00:00 PM,0,0
,11:00:00 PM,0,0
01/12/2026,,,
,12:00:00 AM,0,0
,1:00:00 AM,0,0
,2:00:00 AM,0,0
,3:00:00 AM,0,0
,4:00:00 AM,0,0
,5:00:00 AM,0,0
,6:00:00 AM,0,0
,7:00:00 AM,0,0
,8:00:00 AM,0,0
,9:00:00 AM,0,0
,10:00:00 AM,0,0
,11:00:00 AM,0,0
,12:00:00 PM,0,0
,1:00:00 PM,0,0
,2:00:00 PM,0,0
,3:00:00 PM,0,0
,4:00:00 PM,0,0
,5:00:00 PM,0,0
,6:00:00 PM,0,0
,7:00:00 PM,0,0
,8:00:00 PM,0,0
,9:00:00 PM,0,0
,10:00:00 PM,0,0
,11:00:00 PM,0,0
01/13/2025,,,
,12:00:00 AM,0,0
,1:00:00 AM,0,0
,2:00:00 AM,0,0
,3:00:00 AM,0,0
,4:00:00 AM,0,0
,5:00:00 AM,0,0
,6:00:00 AM,0,0
,7:00:00 AM,0,0
,8:00:00 AM,0,0
,9:00:00 AM,0,0
,10:00:00 AM,0,0
,11:00:00 AM,0,0
,12:00:00 PM,0,0
,1:00:00 PM,0,0
,2:00:00 PM,0,0
,3:00:00 PM,0,0
,4:00:00 PM,0,0
,5:00:00 PM,0,0
,6:00:00 PM,0,0
,7:00:00 PM,0,0
,8:00:00 PM,0,0
,9:00:00 PM,0,0
,10:00:00 PM,0,0
,11:00:00 PM,0,0
01/13/2026,,,
,12:00:00 AM,0,0
,1:00:00 AM,0,0
,2:00:00 AM,0,0
,3:00:00 AM,0,0
,4:00:00 AM,0,0
,5:00:00 AM,0,0
,6:00:00 AM,0,0
,7:00:00 AM,0,0
,8:00:00 AM,76.24,76.24
,9:00:00 AM,67.89,67.89
,10:00:00 AM,20.89,20.89
,11:00:00 AM,127.31,127.31
,12:00:00 PM,75.67,75.67
,1:00:00 PM,215.15,215.15
,2:00:00 PM,169.2,169.2
,3:00:00 PM,0,0
,4:00:00 PM,0,0
,5:00:00 PM,0,0
,6:00:00 PM,0,0
,7:00:00 PM,0,0
,8:00:00 PM,0,0
,9:00:00 PM,0,0
,10:00:00 PM,0,0
,11:00:00 PM,0,0
01/14/2025,,,
,12:00:00 AM,0,0
,1:00:00 AM,0,0
,2:00:00 AM,0,0
,3:00:00 AM,0,0
,4:00:00 AM,0,0
,5:00:00 AM,0,0
,6:00:00 AM,0,0
,7:00:00 AM,0,0
,8:00:00 AM,0,0
,9:00:00 AM,0,0
,10:00:00 AM,0,0
,11:00:00 AM,0,0
,12:00:00 PM,0,0
,1:00:00 PM,0,0
,2:00:00 PM,0,0
,3:00:00 PM,0,0
,4:00:00 PM,0,0
,5:00:00 PM,0,0
,6:00:00 PM,0,0
,7:00:00 PM,0,0
,8:00:00 PM,0,0
,9:00:00 PM,0,0
,10:00:00 PM,0,0
,11:00:00 PM,0,0
01/14/2026,,,
,12:00:00 AM,0,0
,1:00:00 AM,0,0
,2:00:00 AM,0,0
,3:00:00 AM,0,0
,4:00:00 AM,0,0
,5:00:00 AM,0,0
,6:00:00 AM,0,0
,7:00:00 AM,0,0
,8:00:00 AM,100.27,100.27
,9:00:00 AM,30.29,30.29
,10:00:00 AM,111.28,111.28
,11:00:00 AM,90.46,90.46
,12:00:00 PM,108.82,106.82
,1:00:00 PM,90.86,90.86
,2:00:00 PM,35.51,35.51
,3:00:00 PM,0,0
,4:00:00 PM,0,0
,5:00:00 PM,731.09,731.09
,6:00:00 PM,0,0
,7:00:00 PM,2491.79,2491.79
,8:00:00 PM,647.53,647.53
,9:00:00 PM,1384.89,1384.89
,10:00:00 PM,1686.71,1686.71
,11:00:00 PM,0,0
01/15/2025,,,
,12:00:00 AM,0,0
,1:00:00 AM,0,0
,2:00:00 AM,0,0
,3:00:00 AM,0,0
,4:00:00 AM,0,0
,5:00:00 AM,0,0
,6:00:00 AM,0,0
,7:00:00 AM,0,0
,8:00:00 AM,0,0
,9:00:00 AM,0,0
,10:00:00 AM,0,0
,11:00:00 AM,0,0
,12:00:00 PM,0,0
,1:00:00 PM,0,0
,2:00:00 PM,0,0
,3:00:00 PM,0,0
,4:00:00 PM,0,0
,5:00:00 PM,0,0
,6:00:00 PM,0,0
,7:00:00 PM,0,0
,8:00:00 PM,0,0
,9:00:00 PM,0,0
,10:00:00 PM,0,0
,11:00:00 PM,0,0
01/15/2026,,,
,12:00:00 AM,0,0
,1:00:00 AM,0,0
,2:00:00 AM,0,0
,3:00:00 AM,0,0
,4:00:00 AM,0,0
,5:00:00 AM,0,0
,6:00:00 AM,0,0
,7:00:00 AM,0,0
,8:00:00 AM,52.81,52.81
,9:00:00 AM,173.43,173.43
,10:00:00 AM,57.44,57.44
,11:00:00 AM,61.57,60.47
,12:00:00 PM,157.63,156.13
,1:00:00 PM,64.24,64.24
,2:00:00 PM,63.71,63.71
,3:00:00 PM,0,0
,4:00:00 PM,0,0
,5:00:00 PM,743.62,743.62
,6:00:00 PM,528.47,528.47
,7:00:00 PM,1569.73,1569.73
,8:00:00 PM,1781.75,1781.75
,9:00:00 PM,1657.47,1657.47
,10:00:00 PM,1280.44,1280.44
,11:00:00 PM,0,0
01/16/2025,,,
,12:00:00 AM,0,0
,1:00:00 AM,0,0
,2:00:00 AM,0,0
,3:00:00 AM,0,0
,4:00:00 AM,0,0
,5:00:00 AM,0,0
,6:00:00 AM,0,0
,7:00:00 AM,0,0
,8:00:00 AM,0,0
,9:00:00 AM,0,0
,10:00:00 AM,0,0
,11:00:00 AM,0,0
,12:00:00 PM,0,0
,1:00:00 PM,0,0
,2:00:00 PM,0,0
,3:00:00 PM,0,0
,4:00:00 PM,0,0
,5:00:00 PM,0,0
,6:00:00 PM,0,0
,7:00:00 PM,0,0
,8:00:00 PM,0,0
,9:00:00 PM,0,0
,10:00:00 PM,0,0
,11:00:00 PM,0,0
01/16/2026,,,
,12:00:00 AM,0,0
,1:00:00 AM,0,0
,2:00:00 AM,0,0
,3:00:00 AM,0,0
,4:00:00 AM,0,0
,5:00:00 AM,0,0
,6:00:00 AM,0,0
,7:00:00 AM,0,0
,8:00:00 AM,106.31,106.31
,9:00:00 AM,90.64,90.64
,10:00:00 AM,215.08,213.68
,11:00:00 AM,114.14,111.64
,12:00:00 PM,278.85,278.85
,1:00:00 PM,285.9,285
,2:00:00 PM,235,235
,3:00:00 PM,138.9,138.9
,4:00:00 PM,0,0
,5:00:00 PM,1185.9,1173.9
,6:00:00 PM,289.3,289.3
,7:00:00 PM,2240.24,2240.24
,8:00:00 PM,701.84,701.84
,9:00:00 PM,1114.38,1114.38
,10:00:00 PM,1822.79,1570.79
,11:00:00 PM,0,0
01/17/2025,,,
,12:00:00 AM,0,0
,1:00:00 AM,0,0
,2:00:00 AM,0,0
,3:00:00 AM,0,0
,4:00:00 AM,0,0
,5:00:00 AM,0,0
,6:00:00 AM,0,0
,7:00:00 AM,0,0
,8:00:00 AM,0,0
,9:00:00 AM,0,0
,10:00:00 AM,0,0
,11:00:00 AM,0,0
,12:00:00 PM,0,0
,1:00:00 PM,0,0
,2:00:00 PM,0,0
,3:00:00 PM,0,0
,4:00:00 PM,0,0
,5:00:00 PM,0,0
,6:00:00 PM,0,0
,7:00:00 PM,0,0
,8:00:00 PM,0,0
,9:00:00 PM,0,0
,10:00:00 PM,0,0
,11:00:00 PM,0,0
01/17/2026,,,
,12:00:00 AM,0,0
,1:00:00 AM,0,0
,2:00:00 AM,0,0
,3:00:00 AM,0,0
,4:00:00 AM,0,0
,5:00:00 AM,0,0
,6:00:00 AM,0,0
,7:00:00 AM,0,0
,8:00:00 AM,5.22,5.22
,9:00:00 AM,64.2,63.5
,10:00:00 AM,250.12,249.57
,11:00:00 AM,218.8,218.8
,12:00:00 PM,222.39,220.99
,1:00:00 PM,120.57,119.07
,2:00:00 PM,284.42,280.42
,3:00:00 PM,40.73,40.73
,4:00:00 PM,0,0
,5:00:00 PM,351.97,351.97
,6:00:00 PM,1204.2,1204.2
,7:00:00 PM,1465.32,1402.82
,8:00:00 PM,2041.99,2041.99
,9:00:00 PM,721.68,721.68
,10:00:00 PM,2092.97,2092.97
,11:00:00 PM,0,0
01/18/2025,,,
,12:00:00 AM,0,0
,1:00:00 AM,0,0
,2:00:00 AM,0,0
,3:00:00 AM,0,0
,4:00:00 AM,0,0
,5:00:00 AM,0,0
,6:00:00 AM,0,0
,7:00:00 AM,0,0
,8:00:00 AM,0,0
,9:00:00 AM,0,0
,10:00:00 AM,0,0
,11:00:00 AM,0,0
,12:00:00 PM,0,0
,1:00:00 PM,0,0
,2:00:00 PM,0,0
,3:00:00 PM,0,0
,4:00:00 PM,0,0
,5:00:00 PM,0,0
,6:00:00 PM,0,0
,7:00:00 PM,0,0
,8:00:00 PM,0,0
,9:00:00 PM,0,0
,10:00:00 PM,0,0
,11:00:00 PM,0,0
01/18/2026,,,
,12:00:00 AM,0,0
,1:00:00 AM,0,0
,2:00:00 AM,0,0
,3:00:00 AM,0,0
,4:00:00 AM,0,0
,5:00:00 AM,0,0
,6:00:00 AM,0,0
,7:00:00 AM,0,0
,8:00:00 AM,0,0
,9:00:00 AM,0,0
,10:00:00 AM,0,0
,11:00:00 AM,0,0
,12:00:00 PM,0,0
,1:00:00 PM,0,0
,2:00:00 PM,0,0
,3:00:00 PM,0,0
,4:00:00 PM,0,0
,5:00:00 PM,0,0
,6:00:00 PM,0,0
,7:00:00 PM,0,0
,8:00:00 PM,0,0
,9:00:00 PM,0,0
,10:00:00 PM,0,0
,11:00:00 PM,0,0
01/19/2025,,,
,12:00:00 AM,0,0
,1:00:00 AM,0,0
,2:00:00 AM,0,0
,3:00:00 AM,0,0
,4:00:00 AM,0,0
,5:00:00 AM,0,0
,6:00:00 AM,0,0
,7:00:00 AM,0,0
,8:00:00 AM,0,0
,9:00:00 AM,0,0
,10:00:00 AM,0,0
,11:00:00 AM,0,0
,12:00:00 PM,0,0
,1:00:00 PM,0,0
,2:00:00 PM,0,0
,3:00:00 PM,0,0
,4:00:00 PM,0,0
,5:00:00 PM,0,0
,6:00:00 PM,0,0
,7:00:00 PM,0,0
,8:00:00 PM,0,0
,9:00:00 PM,0,0
,10:00:00 PM,0,0
,11:00:00 PM,0,0
01/19/2026,,,
,12:00:00 AM,0,0
,1:00:00 AM,0,0
,2:00:00 AM,0,0
,3:00:00 AM,0,0
,4:00:00 AM,0,0
,5:00:00 AM,0,0
,6:00:00 AM,0,0
,7:00:00 AM,0,0
,8:00:00 AM,0,0
,9:00:00 AM,0,0
,10:00:00 AM,0,0
,11:00:00 AM,0,0
,12:00:00 PM,0,0
,1:00:00 PM,0,0
,2:00:00 PM,0,0
,3:00:00 PM,0,0
,4:00:00 PM,0,0
,5:00:00 PM,0,0
,6:00:00 PM,0,0
,7:00:00 PM,0,0
,8:00:00 PM,0,0
,9:00:00 PM,0,0
,10:00:00 PM,0,0
,11:00:00 PM,0,0
01/20/2025,,,
,12:00:00 AM,0,0
,1:00:00 AM,0,0
,2:00:00 AM,0,0
,3:00:00 AM,0,0
,4:00:00 AM,0,0
,5:00:00 AM,0,0
,6:00:00 AM,0,0
,7:00:00 AM,0,0
,8:00:00 AM,0,0
,9:00:00 AM,0,0
,10:00:00 AM,0,0
,11:00:00 AM,0,0
,12:00:00 PM,0,0
,1:00:00 PM,0,0
,2:00:00 PM,0,0
,3:00:00 PM,0,0
,4:00:00 PM,0,0
,5:00:00 PM,0,0
,6:00:00 PM,0,0
,7:00:00 PM,0,0
,8:00:00 PM,0,0
,9:00:00 PM,0,0
,10:00:00 PM,0,0
,11:00:00 PM,0,0
01/20/2026,,,
,12:00:00 AM,0,0
,1:00:00 AM,0,0
,2:00:00 AM,0,0
,3:00:00 AM,0,0
,4:00:00 AM,0,0
,5:00:00 AM,0,0
,6:00:00 AM,0,0
,7:00:00 AM,0,0
,8:00:00 AM,10.97,10.97
,9:00:00 AM,95.04,95.04
,10:00:00 AM,107.46,107.46
,11:00:00 AM,51.7,51.7
,12:00:00 PM,16.51,12.01
,1:00:00 PM,53.79,53.79
,2:00:00 PM,146.09,144.39
,3:00:00 PM,0,0
,4:00:00 PM,0,0
,5:00:00 PM,0,0
,6:00:00 PM,0,0
,7:00:00 PM,0,0
,8:00:00 PM,0,0
,9:00:00 PM,0,0
,10:00:00 PM,0,0
,11:00:00 PM,0,0
01/21/2025,,,
,12:00:00 AM,0,0
,1:00:00 AM,0,0
,2:00:00 AM,0,0
,3:00:00 AM,0,0
,4:00:00 AM,0,0
,5:00:00 AM,0,0
,6:00:00 AM,0,0
,7:00:00 AM,0,0
,8:00:00 AM,0,0
,9:00:00 AM,0,0
,10:00:00 AM,0,0
,11:00:00 AM,0,0
,12:00:00 PM,0,0
,1:00:00 PM,0,0
,2:00:00 PM,0,0
,3:00:00 PM,0,0
,4:00:00 PM,0,0
,5:00:00 PM,0,0
,6:00:00 PM,0,0
,7:00:00 PM,0,0
,8:00:00 PM,0,0
,9:00:00 PM,0,0
,10:00:00 PM,0,0
,11:00:00 PM,0,0
01/21/2026,,,
,12:00:00 AM,0,0
,1:00:00 AM,0,0
,2:00:00 AM,0,0
,3:00:00 AM,0,0
,4:00:00 AM,0,0
,5:00:00 AM,0,0
,6:00:00 AM,0,0
,7:00:00 AM,0,0
,8:00:00 AM,45.77,45.77
,9:00:00 AM,16.36,16.36
,10:00:00 AM,133.17,133.17
,11:00:00 AM,95.04,95.04
,12:00:00 PM,310.18,310.18
,1:00:00 PM,124.89,124.89
,2:00:00 PM,94,94
,3:00:00 PM,0,0
,4:00:00 PM,0,0
,5:00:00 PM,672.6,672.6
,6:00:00 PM,537.86,537.86
,7:00:00 PM,1086.17,1086.17
,8:00:00 PM,2368.7,2368.7
,9:00:00 PM,992.18,992.18
,10:00:00 PM,1514.39,1514.39
,11:00:00 PM,0,0
01/22/2025,,,
,12:00:00 AM,0,0
,1:00:00 AM,0,0
,2:00:00 AM,0,0
,3:00:00 AM,0,0
,4:00:00 AM,0,0
,5:00:00 AM,0,0
,6:00:00 AM,0,0
,7:00:00 AM,0,0
,8:00:00 AM,0,0
,9:00:00 AM,0,0
,10:00:00 AM,0,0
,11:00:00 AM,0,0
,12:00:00 PM,0,0
,1:00:00 PM,0,0
,2:00:00 PM,0,0
,3:00:00 PM,0,0
,4:00:00 PM,0,0
,5:00:00 PM,0,0
,6:00:00 PM,0,0
,7:00:00 PM,0,0
,8:00:00 PM,0,0
,9:00:00 PM,0,0
,10:00:00 PM,0,0
,11:00:00 PM,0,0
01/22/2026,,,
,12:00:00 AM,0,0
,1:00:00 AM,0,0
,2:00:00 AM,0,0
,3:00:00 AM,0,0
,4:00:00 AM,0,0
,5:00:00 AM,0,0
,6:00:00 AM,0,0
,7:00:00 AM,0,0
,8:00:00 AM,77.81,77.81
,9:00:00 AM,54.36,54.36
,10:00:00 AM,49.57,48.77
,11:00:00 AM,75.98,75.98
,12:00:00 PM,176.38,173.88
,1:00:00 PM,170.84,164.34
,2:00:00 PM,84.59,84.59
,3:00:00 PM,0,0
,4:00:00 PM,0,0
,5:00:00 PM,1029.29,1029.29
,6:00:00 PM,543.09,543.09
,7:00:00 PM,3124.05,3124.05
,8:00:00 PM,528.46,528.46
,9:00:00 PM,2036.24,2036.24
,10:00:00 PM,439.69,439.69
,11:00:00 PM,0,0
01/23/2025,,,
,12:00:00 AM,0,0
,1:00:00 AM,0,0
,2:00:00 AM,0,0
,3:00:00 AM,0,0
,4:00:00 AM,0,0
,5:00:00 AM,0,0
,6:00:00 AM,0,0
,7:00:00 AM,0,0
,8:00:00 AM,0,0
,9:00:00 AM,0,0
,10:00:00 AM,0,0
,11:00:00 AM,0,0
,12:00:00 PM,0,0
,1:00:00 PM,0,0
,2:00:00 PM,0,0
,3:00:00 PM,0,0
,4:00:00 PM,0,0
,5:00:00 PM,0,0
,6:00:00 PM,0,0
,7:00:00 PM,0,0
,8:00:00 PM,0,0
,9:00:00 PM,0,0
,10:00:00 PM,0,0
,11:00:00 PM,0,0
01/23/2026,,,
,12:00:00 AM,0,0
,1:00:00 AM,0,0
,2:00:00 AM,0,0
,3:00:00 AM,0,0
,4:00:00 AM,0,0
,5:00:00 AM,0,0
,6:00:00 AM,0,0
,7:00:00 AM,5.74,5.74
,8:00:00 AM,95.64,95.64
,9:00:00 AM,43.35,43.35
,10:00:00 AM,172.28,171.58
,11:00:00 AM,134.12,133.42
,12:00:00 PM,275.44,274.04
,1:00:00 PM,208.85,208.15
,2:00:00 PM,83.79,68.79
,3:00:00 PM,0,0
,4:00:00 PM,0,0
,5:00:00 PM,483.56,483.56
,6:00:00 PM,879.22,879.22
,7:00:00 PM,1993.76,1993.76
,8:00:00 PM,697.29,697.29
,9:00:00 PM,1581.61,1519.61
,10:00:00 PM,786.43,786.43
,11:00:00 PM,0,0
01/24/2025,,,
,12:00:00 AM,0,0
,1:00:00 AM,0,0
,2:00:00 AM,0,0
,3:00:00 AM,0,0
,4:00:00 AM,0,0
,5:00:00 AM,0,0
,6:00:00 AM,0,0
,7:00:00 AM,0,0
,8:00:00 AM,0,0
,9:00:00 AM,0,0
,10:00:00 AM,0,0
,11:00:00 AM,0,0
,12:00:00 PM,0,0
,1:00:00 PM,0,0
,2:00:00 PM,0,0
,3:00:00 PM,0,0
,4:00:00 PM,0,0
,5:00:00 PM,0,0
,6:00:00 PM,0,0
,7:00:00 PM,0,0
,8:00:00 PM,0,0
,9:00:00 PM,0,0
,10:00:00 PM,0,0
,11:00:00 PM,0,0
01/24/2026,,,
,12:00:00 AM,0,0
,1:00:00 AM,0,0
,2:00:00 AM,0,0
,3:00:00 AM,0,0
,4:00:00 AM,0,0
,5:00:00 AM,0,0
,6:00:00 AM,0,0
,7:00:00 AM,0,0
,8:00:00 AM,37.6,37.6
,9:00:00 AM,85.12,85.12
,10:00:00 AM,372.86,372.86
,11:00:00 AM,218.74,217.34
,12:00:00 PM,308.17,298.17
,1:00:00 PM,431.02,431.02
,2:00:00 PM,555.47,555.47
,3:00:00 PM,22.49,11.49
,4:00:00 PM,0,0
,5:00:00 PM,807.32,807.32
,6:00:00 PM,2133.71,2133.71
,7:00:00 PM,1766.08,1766.08
,8:00:00 PM,1739.97,1739.97
,9:00:00 PM,1753.56,1753.56
,10:00:00 PM,1035,1035
,11:00:00 PM,0,0
01/25/2025,,,
,12:00:00 AM,0,0
,1:00:00 AM,0,0
,2:00:00 AM,0,0
,3:00:00 AM,0,0
,4:00:00 AM,0,0
,5:00:00 AM,0,0
,6:00:00 AM,0,0
,7:00:00 AM,0,0
,8:00:00 AM,0,0
,9:00:00 AM,0,0
,10:00:00 AM,0,0
,11:00:00 AM,0,0
,12:00:00 PM,0,0
,1:00:00 PM,0,0
,2:00:00 PM,0,0
,3:00:00 PM,0,0
,4:00:00 PM,0,0
,5:00:00 PM,0,0
,6:00:00 PM,0,0
,7:00:00 PM,0,0
,8:00:00 PM,0,0
,9:00:00 PM,0,0
,10:00:00 PM,0,0
,11:00:00 PM,0,0
01/25/2026,,,
,12:00:00 AM,0,0
,1:00:00 AM,0,0
,2:00:00 AM,0,0
,3:00:00 AM,0,0
,4:00:00 AM,0,0
,5:00:00 AM,0,0
,6:00:00 AM,0,0
,7:00:00 AM,0,0
,8:00:00 AM,0,0
,9:00:00 AM,0,0
,10:00:00 AM,0,0
,11:00:00 AM,0,0
,12:00:00 PM,0,0
,1:00:00 PM,0,0
,2:00:00 PM,0,0
,3:00:00 PM,0,0
,4:00:00 PM,0,0
,5:00:00 PM,0,0
,6:00:00 PM,0,0
,7:00:00 PM,0,0
,8:00:00 PM,0,0
,9:00:00 PM,0,0
,10:00:00 PM,0,0
,11:00:00 PM,0,0
01/26/2025,,,
,12:00:00 AM,0,0
,1:00:00 AM,0,0
,2:00:00 AM,0,0
,3:00:00 AM,0,0
,4:00:00 AM,0,0
,5:00:00 AM,0,0
,6:00:00 AM,0,0
,7:00:00 AM,0,0
,8:00:00 AM,0,0
,9:00:00 AM,0,0
,10:00:00 AM,0,0
,11:00:00 AM,0,0
,12:00:00 PM,0,0
,1:00:00 PM,0,0
,2:00:00 PM,0,0
,3:00:00 PM,0,0
,4:00:00 PM,0,0
,5:00:00 PM,0,0
,6:00:00 PM,0,0
,7:00:00 PM,0,0
,8:00:00 PM,0,0
,9:00:00 PM,0,0
,10:00:00 PM,0,0
,11:00:00 PM,0,0
01/26/2026,,,
,12:00:00 AM,0,0
,1:00:00 AM,0,0
,2:00:00 AM,0,0
,3:00:00 AM,0,0
,4:00:00 AM,0,0
,5:00:00 AM,0,0
,6:00:00 AM,0,0
,7:00:00 AM,0,0
,8:00:00 AM,0,0
,9:00:00 AM,0,0
,10:00:00 AM,0,0
,11:00:00 AM,0,0
,12:00:00 PM,0,0
,1:00:00 PM,0,0
,2:00:00 PM,0,0
,3:00:00 PM,0,0
,4:00:00 PM,0,0
,5:00:00 PM,0,0
,6:00:00 PM,0,0
,7:00:00 PM,0,0
,8:00:00 PM,0,0
,9:00:00 PM,0,0
,10:00:00 PM,0,0
,11:00:00 PM,0,0
01/27/2025,,,
,12:00:00 AM,0,0
,1:00:00 AM,0,0
,2:00:00 AM,0,0
,3:00:00 AM,0,0
,4:00:00 AM,0,0
,5:00:00 AM,0,0
,6:00:00 AM,0,0
,7:00:00 AM,0,0
,8:00:00 AM,0,0
,9:00:00 AM,0,0
,10:00:00 AM,0,0
,11:00:00 AM,0,0
,12:00:00 PM,0,0
,1:00:00 PM,0,0
,2:00:00 PM,0,0
,3:00:00 PM,0,0
,4:00:00 PM,0,0
,5:00:00 PM,0,0
,6:00:00 PM,0,0
,7:00:00 PM,0,0
,8:00:00 PM,0,0
,9:00:00 PM,0,0
,10:00:00 PM,0,0
,11:00:00 PM,0,0
01/27/2026,,,
,12:00:00 AM,0,0
,1:00:00 AM,0,0
,2:00:00 AM,0,0
,3:00:00 AM,0,0
,4:00:00 AM,0,0
,5:00:00 AM,0,0
,6:00:00 AM,0,0
,7:00:00 AM,0,0
,8:00:00 AM,65.66,62.66
,9:00:00 AM,90.34,79.14
,10:00:00 AM,112.27,112.27
,11:00:00 AM,57.22,57.22
,12:00:00 PM,392.17,392.17
,1:00:00 PM,67.39,67.39
,2:00:00 PM,347.51,347.51
,3:00:00 PM,0,0
,4:00:00 PM,0,0
,5:00:00 PM,0,0
,6:00:00 PM,0,0
,7:00:00 PM,0,0
,8:00:00 PM,0,0
,9:00:00 PM,0,0
,10:00:00 PM,0,0
,11:00:00 PM,0,0
01/28/2025,,,
,12:00:00 AM,0,0
,1:00:00 AM,0,0
,2:00:00 AM,0,0
,3:00:00 AM,0,0
,4:00:00 AM,0,0
,5:00:00 AM,0,0
,6:00:00 AM,0,0
,7:00:00 AM,0,0
,8:00:00 AM,0,0
,9:00:00 AM,0,0
,10:00:00 AM,0,0
,11:00:00 AM,0,0
,12:00:00 PM,0,0
,1:00:00 PM,0,0
,2:00:00 PM,0,0
,3:00:00 PM,0,0
,4:00:00 PM,0,0
,5:00:00 PM,0,0
,6:00:00 PM,0,0
,7:00:00 PM,0,0
,8:00:00 PM,0,0
,9:00:00 PM,0,0
,10:00:00 PM,0,0
,11:00:00 PM,0,0
01/28/2026,,,
,12:00:00 AM,0,0
,1:00:00 AM,0,0
,2:00:00 AM,0,0
,3:00:00 AM,0,0
,4:00:00 AM,0,0
,5:00:00 AM,0,0
,6:00:00 AM,0,0
,7:00:00 AM,0,0
,8:00:00 AM,86.16,86.16
,9:00:00 AM,78.99,75.74
,10:00:00 AM,89.2,75.2
,11:00:00 AM,6.27,6.27
,12:00:00 PM,168.65,132.55
,1:00:00 PM,142.56,142.56
,2:00:00 PM,173.36,173.36
,3:00:00 PM,0,0
,4:00:00 PM,0,0
,5:00:00 PM,973.38,973.38
,6:00:00 PM,0,0
,7:00:00 PM,2517.96,2517.96
,8:00:00 PM,341.52,341.52
,9:00:00 PM,1871.56,1871.56
,10:00:00 PM,557.71,557.71
,11:00:00 PM,0,0
01/29/2025,,,
,12:00:00 AM,0,0
,1:00:00 AM,0,0
,2:00:00 AM,0,0
,3:00:00 AM,0,0
,4:00:00 AM,0,0
,5:00:00 AM,0,0
,6:00:00 AM,0,0
,7:00:00 AM,0,0
,8:00:00 AM,0,0
,9:00:00 AM,0,0
,10:00:00 AM,0,0
,11:00:00 AM,0,0
,12:00:00 PM,0,0
,1:00:00 PM,0,0
,2:00:00 PM,0,0
,3:00:00 PM,0,0
,4:00:00 PM,0,0
,5:00:00 PM,0,0
,6:00:00 PM,0,0
,7:00:00 PM,0,0
,8:00:00 PM,0,0
,9:00:00 PM,0,0
,10:00:00 PM,0,0
,11:00:00 PM,0,0
01/29/2026,,,
,12:00:00 AM,0,0
,1:00:00 AM,0,0
,2:00:00 AM,0,0
,3:00:00 AM,0,0
,4:00:00 AM,0,0
,5:00:00 AM,0,0
,6:00:00 AM,0,0
,7:00:00 AM,0,0
,8:00:00 AM,54.31,54.31
,9:00:00 AM,393.74,393.74
,10:00:00 AM,234.38,232.33
,11:00:00 AM,147.97,146.02
,12:00:00 PM,247.45,245.85
,1:00:00 PM,378.59,378.59
,2:00:00 PM,59.87,55.87
,3:00:00 PM,13.02,12.22
,4:00:00 PM,0,0
,5:00:00 PM,721.68,721.68
,6:00:00 PM,1352.49,1352.49
,7:00:00 PM,2172.34,2172.34
,8:00:00 PM,341.52,341.52
,9:00:00 PM,1369.23,1369.23
,10:00:00 PM,1857.99,1857.99
,11:00:00 PM,0,0
01/30/2025,,,
,12:00:00 AM,0,0
,1:00:00 AM,0,0
,2:00:00 AM,0,0
,3:00:00 AM,0,0
,4:00:00 AM,0,0
,5:00:00 AM,0,0
,6:00:00 AM,0,0
,7:00:00 AM,0,0
,8:00:00 AM,0,0
,9:00:00 AM,0,0
,10:00:00 AM,0,0
,11:00:00 AM,0,0
,12:00:00 PM,0,0
,1:00:00 PM,0,0
,2:00:00 PM,0,0
,3:00:00 PM,0,0
,4:00:00 PM,0,0
,5:00:00 PM,0,0
,6:00:00 PM,0,0
,7:00:00 PM,0,0
,8:00:00 PM,0,0
,9:00:00 PM,0,0
,10:00:00 PM,0,0
,11:00:00 PM,0,0
01/30/2026,,,
,12:00:00 AM,0,0
,1:00:00 AM,0,0
,2:00:00 AM,0,0
,3:00:00 AM,0,0
,4:00:00 AM,0,0
,5:00:00 AM,0,0
,6:00:00 AM,0,0
,7:00:00 AM,0,0
,8:00:00 AM,493.45,492.75
,9:00:00 AM,23.5,23.5
,10:00:00 AM,101.61,84.76
,11:00:00 AM,331.43,329.53
,12:00:00 PM,853.13,853.13
,1:00:00 PM,227.68,227.68
,2:00:00 PM,88.14,85.64
,3:00:00 PM,276.87,208.47
,4:00:00 PM,0,0
,5:00:00 PM,1070.56,1024.56
,6:00:00 PM,912.8,912.8
,7:00:00 PM,2861.67,2861.67
,8:00:00 PM,638.13,638.13
,9:00:00 PM,1707.6,1707.6
,10:00:00 PM,1761.9,1761.9
,11:00:00 PM,0,0
01/31/2025,,,
,12:00:00 AM,0,0
,1:00:00 AM,0,0
,2:00:00 AM,0,0
,3:00:00 AM,0,0
,4:00:00 AM,0,0
,5:00:00 AM,0,0
,6:00:00 AM,0,0
,7:00:00 AM,0,0
,8:00:00 AM,0,0
,9:00:00 AM,0,0
,10:00:00 AM,0,0
,11:00:00 AM,0,0
,12:00:00 PM,0,0
,1:00:00 PM,0,0
,2:00:00 PM,0,0
,3:00:00 PM,0,0
,4:00:00 PM,0,0
,5:00:00 PM,0,0
,6:00:00 PM,0,0
,7:00:00 PM,0,0
,8:00:00 PM,0,0
,9:00:00 PM,0,0
,10:00:00 PM,0,0
,11:00:00 PM,0,0
01/31/2026,,,
,12:00:00 AM,0,0
,1:00:00 AM,0,0
,2:00:00 AM,0,0
,3:00:00 AM,0,0
,4:00:00 AM,0,0
,5:00:00 AM,0,0
,6:00:00 AM,0,0
,7:00:00 AM,0,0
,8:00:00 AM,79.37,79.37
,9:00:00 AM,462.21,462.21
,10:00:00 AM,213.34,213.34
,11:00:00 AM,116.1,108.1
,12:00:00 PM,285.3,273.8
,1:00:00 PM,98.17,98.17
,2:00:00 PM,356.32,356.32
,3:00:00 PM,0,0
,4:00:00 PM,0,0
,5:00:00 PM,394.79,394.79
,6:00:00 PM,1577.04,1577.04
,7:00:00 PM,1537.35,1537.35
,8:00:00 PM,518.02,518.02
,9:00:00 PM,1926.93,1926.93
,10:00:00 PM,672.48,626.48
,11:00:00 PM,0,0
02/01/2025,,,
,12:00:00 AM,0,0
,1:00:00 AM,0,0
,2:00:00 AM,0,0
,3:00:00 AM,0,0
,4:00:00 AM,0,0
,5:00:00 AM,0,0
,6:00:00 AM,0,0
,7:00:00 AM,0,0
,8:00:00 AM,0,0
,9:00:00 AM,0,0
,10:00:00 AM,0,0
,11:00:00 AM,0,0
,12:00:00 PM,0,0
,1:00:00 PM,0,0
,2:00:00 PM,0,0
,3:00:00 PM,0,0
,4:00:00 PM,0,0
,5:00:00 PM,0,0
,6:00:00 PM,0,0
,7:00:00 PM,0,0
,8:00:00 PM,0,0
,9:00:00 PM,0,0
,10:00:00 PM,0,0
,11:00:00 PM,0,0
02/01/2026,,,
,12:00:00 AM,0,0
,1:00:00 AM,0,0
,2:00:00 AM,0,0
,3:00:00 AM,0,0
,4:00:00 AM,0,0
,5:00:00 AM,0,0
,6:00:00 AM,0,0
,7:00:00 AM,0,0
,8:00:00 AM,0,0
,9:00:00 AM,0,0
,10:00:00 AM,0,0
,11:00:00 AM,0,0
,12:00:00 PM,0,0
,1:00:00 PM,0,0
,2:00:00 PM,0,0
,3:00:00 PM,0,0
,4:00:00 PM,0,0
,5:00:00 PM,0,0
,6:00:00 PM,0,0
,7:00:00 PM,0,0
,8:00:00 PM,0,0
,9:00:00 PM,0,0
,10:00:00 PM,0,0
,11:00:00 PM,0,0
02/02/2025,,,
,12:00:00 AM,0,0
,1:00:00 AM,0,0
,2:00:00 AM,0,0
,3:00:00 AM,0,0
,4:00:00 AM,0,0
,5:00:00 AM,0,0
,6:00:00 AM,0,0
,7:00:00 AM,0,0
,8:00:00 AM,0,0
,9:00:00 AM,0,0
,10:00:00 AM,0,0
,11:00:00 AM,0,0
,12:00:00 PM,0,0
,1:00:00 PM,0,0
,2:00:00 PM,0,0
,3:00:00 PM,0,0
,4:00:00 PM,0,0
,5:00:00 PM,0,0
,6:00:00 PM,0,0
,7:00:00 PM,0,0
,8:00:00 PM,0,0
,9:00:00 PM,0,0
,10:00:00 PM,0,0
,11:00:00 PM,0,0
02/02/2026,,,
,12:00:00 AM,0,0
,1:00:00 AM,0,0
,2:00:00 AM,0,0
,3:00:00 AM,0,0
,4:00:00 AM,0,0
,5:00:00 AM,0,0
,6:00:00 AM,0,0
,7:00:00 AM,0,0
,8:00:00 AM,0,0
,9:00:00 AM,0,0
,10:00:00 AM,0,0
,11:00:00 AM,0,0
,12:00:00 PM,0,0
,1:00:00 PM,0,0
,2:00:00 PM,0,0
,3:00:00 PM,0,0
,4:00:00 PM,0,0
,5:00:00 PM,0,0
,6:00:00 PM,0,0
,7:00:00 PM,0,0
,8:00:00 PM,0,0
,9:00:00 PM,0,0
,10:00:00 PM,0,0
,11:00:00 PM,0,0
02/03/2025,,,
,12:00:00 AM,0,0
,1:00:00 AM,0,0
,2:00:00 AM,0,0
,3:00:00 AM,0,0
,4:00:00 AM,0,0
,5:00:00 AM,0,0
,6:00:00 AM,0,0
,7:00:00 AM,0,0
,8:00:00 AM,0,0
,9:00:00 AM,0,0
,10:00:00 AM,0,0
,11:00:00 AM,0,0
,12:00:00 PM,0,0
,1:00:00 PM,0,0
,2:00:00 PM,0,0
,3:00:00 PM,0,0
,4:00:00 PM,0,0
,5:00:00 PM,0,0
,6:00:00 PM,0,0
,7:00:00 PM,0,0
,8:00:00 PM,0,0
,9:00:00 PM,0,0
,10:00:00 PM,0,0
,11:00:00 PM,0,0
02/03/2026,,,
,12:00:00 AM,0,0
,1:00:00 AM,0,0
,2:00:00 AM,0,0
,3:00:00 AM,0,0
,4:00:00 AM,0,0
,5:00:00 AM,0,0
,6:00:00 AM,0,0
,7:00:00 AM,0,0
,8:00:00 AM,0,0
,9:00:00 AM,325.33,325.33
,10:00:00 AM,28.2,28.2
,11:00:00 AM,232.38,232.38
,12:00:00 PM,140.47,140.47
,1:00:00 PM,193.75,193.75
,2:00:00 PM,66.84,66.84
,3:00:00 PM,0,0
,4:00:00 PM,0,0
,5:00:00 PM,0,0
,6:00:00 PM,0,0
,7:00:00 PM,0,0
,8:00:00 PM,0,0
,9:00:00 PM,0,0
,10:00:00 PM,0,0
,11:00:00 PM,0,0
02/04/2025,,,
,12:00:00 AM,0,0
,1:00:00 AM,0,0
,2:00:00 AM,0,0
,3:00:00 AM,0,0
,4:00:00 AM,0,0
,5:00:00 AM,0,0
,6:00:00 AM,0,0
,7:00:00 AM,0,0
,8:00:00 AM,0,0
,9:00:00 AM,0,0
,10:00:00 AM,0,0
,11:00:00 AM,0,0
,12:00:00 PM,0,0
,1:00:00 PM,0,0
,2:00:00 PM,0,0
,3:00:00 PM,0,0
,4:00:00 PM,0,0
,5:00:00 PM,0,0
,6:00:00 PM,0,0
,7:00:00 PM,0,0
,8:00:00 PM,0,0
,9:00:00 PM,0,0
,10:00:00 PM,0,0
,11:00:00 PM,0,0
02/04/2026,,,
,12:00:00 AM,0,0
,1:00:00 AM,0,0
,2:00:00 AM,0,0
,3:00:00 AM,0,0
,4:00:00 AM,0,0
,5:00:00 AM,0,0
,6:00:00 AM,0,0
,7:00:00 AM,0,0
,8:00:00 AM,14.07,13.42
,9:00:00 AM,49.64,45.34
,10:00:00 AM,56.93,56.93
,11:00:00 AM,238.58,238.58
,12:00:00 PM,91.9,91.9
,1:00:00 PM,73.11,73.11
,2:00:00 PM,69.45,69.45
,3:00:00 PM,0,0
,4:00:00 PM,0,0
,5:00:00 PM,0,0
,6:00:00 PM,528.47,528.47
,7:00:00 PM,2214.61,2214.61
,8:00:00 PM,787.49,787.49
,9:00:00 PM,1762.96,1762.96
,10:00:00 PM,217.24,217.24
,11:00:00 PM,0,0
02/05/2025,,,
,12:00:00 AM,0,0
,1:00:00 AM,0,0
,2:00:00 AM,0,0
,3:00:00 AM,0,0
,4:00:00 AM,0,0
,5:00:00 AM,0,0
,6:00:00 AM,0,0
,7:00:00 AM,0,0
,8:00:00 AM,0,0
,9:00:00 AM,0,0
,10:00:00 AM,0,0
,11:00:00 AM,0,0
,12:00:00 PM,0,0
,1:00:00 PM,0,0
,2:00:00 PM,0,0
,3:00:00 PM,0,0
,4:00:00 PM,0,0
,5:00:00 PM,0,0
,6:00:00 PM,0,0
,7:00:00 PM,0,0
,8:00:00 PM,0,0
,9:00:00 PM,0,0
,10:00:00 PM,0,0
,11:00:00 PM,0,0
02/05/2026,,,
,12:00:00 AM,0,0
,1:00:00 AM,0,0
,2:00:00 AM,0,0
,3:00:00 AM,0,0
,4:00:00 AM,0,0
,5:00:00 AM,0,0
,6:00:00 AM,0,0
,7:00:00 AM,0,0
,8:00:00 AM,14.62,14.62
,9:00:00 AM,105.49,105.49
,10:00:00 AM,213.51,213.51
,11:00:00 AM,59.53,59.53
,12:00:00 PM,283.98,283.98
,1:00:00 PM,148.24,146.74
,2:00:00 PM,207.31,207.31
,3:00:00 PM,0,0
,4:00:00 PM,0,0
,5:00:00 PM,1097.66,1097.66
,6:00:00 PM,669.46,669.46
,7:00:00 PM,2512.58,2512.58
,8:00:00 PM,666.33,666.33
,9:00:00 PM,2257.05,2257.05
,10:00:00 PM,255.88,255.88
,11:00:00 PM,0,0
02/06/2025,,,
,12:00:00 AM,0,0
,1:00:00 AM,0,0
,2:00:00 AM,0,0
,3:00:00 AM,0,0
,4:00:00 AM,0,0
,5:00:00 AM,0,0
,6:00:00 AM,0,0
,7:00:00 AM,0,0
,8:00:00 AM,0,0
,9:00:00 AM,0,0
,10:00:00 AM,0,0
,11:00:00 AM,0,0
,12:00:00 PM,0,0
,1:00:00 PM,0,0
,2:00:00 PM,0,0
,3:00:00 PM,0,0
,4:00:00 PM,0,0
,5:00:00 PM,0,0
,6:00:00 PM,0,0
,7:00:00 PM,0,0
,8:00:00 PM,0,0
,9:00:00 PM,0,0
,10:00:00 PM,0,0
,11:00:00 PM,0,0
02/06/2026,,,
,12:00:00 AM,0,0
,1:00:00 AM,0,0
,2:00:00 AM,0,0
,3:00:00 AM,0,0
,4:00:00 AM,0,0
,5:00:00 AM,0,0
,6:00:00 AM,0,0
,7:00:00 AM,0,0
,8:00:00 AM,158.76,158.76
,9:00:00 AM,67.88,67.88
,10:00:00 AM,116.93,116.03
,11:00:00 AM,28.2,28.2
,12:00:00 PM,511.67,510.07
,1:00:00 PM,288.41,287.71
,2:00:00 PM,392.75,389.15
,3:00:00 PM,0,0
,4:00:00 PM,0,0
,5:00:00 PM,1173.74,1173.74
,6:00:00 PM,1075.73,1075.73
,7:00:00 PM,2110.74,2110.74
,8:00:00 PM,242.3,242.3
,9:00:00 PM,1578.09,1578.09
,10:00:00 PM,1136.31,1136.31
,11:00:00 PM,0,0
02/07/2025,,,
,12:00:00 AM,0,0
,1:00:00 AM,0,0
,2:00:00 AM,0,0
,3:00:00 AM,0,0
,4:00:00 AM,0,0
,5:00:00 AM,0,0
,6:00:00 AM,0,0
,7:00:00 AM,0,0
,8:00:00 AM,0,0
,9:00:00 AM,0,0
,10:00:00 AM,0,0
,11:00:00 AM,0,0
,12:00:00 PM,0,0
,1:00:00 PM,0,0
,2:00:00 PM,0,0
,3:00:00 PM,0,0
,4:00:00 PM,0,0
,5:00:00 PM,0,0
,6:00:00 PM,0,0
,7:00:00 PM,0,0
,8:00:00 PM,0,0
,9:00:00 PM,0,0
,10:00:00 PM,0,0
,11:00:00 PM,0,0
02/07/2026,,,
,12:00:00 AM,0,0
,1:00:00 AM,0,0
,2:00:00 AM,0,0
,3:00:00 AM,0,0
,4:00:00 AM,0,0
,5:00:00 AM,0,0
,6:00:00 AM,0,0
,7:00:00 AM,0,0
,8:00:00 AM,19.84,19.84
,9:00:00 AM,87.73,87.73
,10:00:00 AM,78.33,78.33
,11:00:00 AM,114.88,114.88
,12:00:00 PM,573.9,573.9
,1:00:00 PM,312.61,304.61
,2:00:00 PM,173.89,173.89
,3:00:00 PM,32.24,30.74
,4:00:00 PM,0,0
,5:00:00 PM,1240.73,1240.73
,6:00:00 PM,1101.83,1101.83
,7:00:00 PM,1472.5,1472.5
,8:00:00 PM,1378.61,1378.61
,9:00:00 PM,2431.36,2431.36
,10:00:00 PM,1079.91,1079.91
,11:00:00 PM,0,0
02/08/2025,,,
,12:00:00 AM,0,0
,1:00:00 AM,0,0
,2:00:00 AM,0,0
,3:00:00 AM,0,0
,4:00:00 AM,0,0
,5:00:00 AM,0,0
,6:00:00 AM,0,0
,7:00:00 AM,0,0
,8:00:00 AM,0,0
,9:00:00 AM,0,0
,10:00:00 AM,0,0
,11:00:00 AM,0,0
,12:00:00 PM,0,0
,1:00:00 PM,0,0
,2:00:00 PM,0,0
,3:00:00 PM,0,0
,4:00:00 PM,0,0
,5:00:00 PM,0,0
,6:00:00 PM,0,0
,7:00:00 PM,0,0
,8:00:00 PM,0,0
,9:00:00 PM,0,0
,10:00:00 PM,0,0
,11:00:00 PM,0,0
02/08/2026,,,
,12:00:00 AM,0,0
,1:00:00 AM,0,0
,2:00:00 AM,0,0
,3:00:00 AM,0,0
,4:00:00 AM,0,0
,5:00:00 AM,0,0
,6:00:00 AM,0,0
,7:00:00 AM,0,0
,8:00:00 AM,0,0
,9:00:00 AM,0,0
,10:00:00 AM,0,0
,11:00:00 AM,0,0
,12:00:00 PM,0,0
,1:00:00 PM,0,0
,2:00:00 PM,0,0
,3:00:00 PM,0,0
,4:00:00 PM,0,0
,5:00:00 PM,0,0
,6:00:00 PM,0,0
,7:00:00 PM,0,0
,8:00:00 PM,0,0
,9:00:00 PM,0,0
,10:00:00 PM,0,0
,11:00:00 PM,0,0
02/09/2025,,,
,12:00:00 AM,0,0
,1:00:00 AM,0,0
,2:00:00 AM,0,0
,3:00:00 AM,0,0
,4:00:00 AM,0,0
,5:00:00 AM,0,0
,6:00:00 AM,0,0
,7:00:00 AM,0,0
,8:00:00 AM,0,0
,9:00:00 AM,0,0
,10:00:00 AM,0,0
,11:00:00 AM,0,0
,12:00:00 PM,0,0
,1:00:00 PM,0,0
,2:00:00 PM,0,0
,3:00:00 PM,0,0
,4:00:00 PM,0,0
,5:00:00 PM,0,0
,6:00:00 PM,0,0
,7:00:00 PM,0,0
,8:00:00 PM,0,0
,9:00:00 PM,0,0
,10:00:00 PM,0,0
,11:00:00 PM,0,0
02/09/2026,,,
,12:00:00 AM,0,0
,1:00:00 AM,0,0
,2:00:00 AM,0,0
,3:00:00 AM,0,0
,4:00:00 AM,0,0
,5:00:00 AM,0,0
,6:00:00 AM,0,0
,7:00:00 AM,0,0
,8:00:00 AM,0,0
,9:00:00 AM,0,0
,10:00:00 AM,0,0
,11:00:00 AM,0,0
,12:00:00 PM,0,0
,1:00:00 PM,0,0
,2:00:00 PM,0,0
,3:00:00 PM,0,0
,4:00:00 PM,0,0
,5:00:00 PM,0,0
,6:00:00 PM,0,0
,7:00:00 PM,0,0
,8:00:00 PM,0,0
,9:00:00 PM,0,0
,10:00:00 PM,0,0
,11:00:00 PM,0,0
02/10/2025,,,
,12:00:00 AM,0,0
,1:00:00 AM,0,0
,2:00:00 AM,0,0
,3:00:00 AM,0,0
,4:00:00 AM,0,0
,5:00:00 AM,0,0
,6:00:00 AM,0,0
,7:00:00 AM,0,0
,8:00:00 AM,0,0
,9:00:00 AM,0,0
,10:00:00 AM,0,0
,11:00:00 AM,0,0
,12:00:00 PM,0,0
,1:00:00 PM,0,0
,2:00:00 PM,0,0
,3:00:00 PM,0,0
,4:00:00 PM,0,0
,5:00:00 PM,0,0
,6:00:00 PM,0,0
,7:00:00 PM,0,0
,8:00:00 PM,0,0
,9:00:00 PM,0,0
,10:00:00 PM,0,0
,11:00:00 PM,0,0
02/10/2026,,,
,12:00:00 AM,0,0
,1:00:00 AM,0,0
,2:00:00 AM,0,0
,3:00:00 AM,0,0
,4:00:00 AM,0,0
,5:00:00 AM,0,0
,6:00:00 AM,0,0
,7:00:00 AM,0,0
,8:00:00 AM,12.51,11.91
,9:00:00 AM,0,0
,10:00:00 AM,80.42,80.42
,11:00:00 AM,137.84,137.14
,12:00:00 PM,36.56,36.56
,1:00:00 PM,82.51,82.51
,2:00:00 PM,37.07,37.07
,3:00:00 PM,0,0
,4:00:00 PM,0,0
,5:00:00 PM,0,0
,6:00:00 PM,0,0
,7:00:00 PM,0,0
,8:00:00 PM,0,0
,9:00:00 PM,0,0
,10:00:00 PM,0,0
,11:00:00 PM,0,0
02/11/2025,,,
,12:00:00 AM,0,0
,1:00:00 AM,0,0
,2:00:00 AM,0,0
,3:00:00 AM,0,0
,4:00:00 AM,0,0
,5:00:00 AM,0,0
,6:00:00 AM,0,0
,7:00:00 AM,0,0
,8:00:00 AM,0,0
,9:00:00 AM,0,0
,10:00:00 AM,0,0
,11:00:00 AM,0,0
,12:00:00 PM,0,0
,1:00:00 PM,0,0
,2:00:00 PM,0,0
,3:00:00 PM,0,0
,4:00:00 PM,0,0
,5:00:00 PM,0,0
,6:00:00 PM,0,0
,7:00:00 PM,0,0
,8:00:00 PM,0,0
,9:00:00 PM,0,0
,10:00:00 PM,0,0
,11:00:00 PM,0,0
02/11/2026,,,
,12:00:00 AM,0,0
,1:00:00 AM,0,0
,2:00:00 AM,0,0
,3:00:00 AM,0,0
,4:00:00 AM,0,0
,5:00:00 AM,0,0
,6:00:00 AM,0,0
,7:00:00 AM,0,0
,8:00:00 AM,154.4,154.4
,9:00:00 AM,51.18,51.18
,10:00:00 AM,257.97,257.97
,11:00:00 AM,281.47,281.47
,12:00:00 PM,440.74,440.74
,1:00:00 PM,158.23,158.23
,2:00:00 PM,575.9,575.9
,3:00:00 PM,0,0
,4:00:00 PM,0,0
,5:00:00 PM,894.01,894.01
,6:00:00 PM,203.66,203.66
,7:00:00 PM,2218.31,2218.31
,8:00:00 PM,576.51,576.51
,9:00:00 PM,1553.04,1553.04
,10:00:00 PM,1384.74,1384.74
,11:00:00 PM,0,0
02/12/2025,,,
,12:00:00 AM,0,0
,1:00:00 AM,0,0
,2:00:00 AM,0,0
,3:00:00 AM,0,0
,4:00:00 AM,0,0
,5:00:00 AM,0,0
,6:00:00 AM,0,0
,7:00:00 AM,0,0
,8:00:00 AM,0,0
,9:00:00 AM,0,0
,10:00:00 AM,0,0
,11:00:00 AM,0,0
,12:00:00 PM,0,0
,1:00:00 PM,0,0
,2:00:00 PM,0,0
,3:00:00 PM,0,0
,4:00:00 PM,0,0
,5:00:00 PM,0,0
,6:00:00 PM,0,0
,7:00:00 PM,0,0
,8:00:00 PM,0,0
,9:00:00 PM,0,0
,10:00:00 PM,0,0
,11:00:00 PM,0,0
02/12/2026,,,
,12:00:00 AM,0,0
,1:00:00 AM,0,0
,2:00:00 AM,0,0
,3:00:00 AM,0,0
,4:00:00 AM,0,0
,5:00:00 AM,0,0
,6:00:00 AM,0,0
,7:00:00 AM,0,0
,8:00:00 AM,29.24,29.24
,9:00:00 AM,251.7,251.7
,10:00:00 AM,77.29,77.29
,11:00:00 AM,295.57,295.57
,12:00:00 PM,929.86,929.86
,1:00:00 PM,188.43,184.43
,2:00:00 PM,97.65,97.65
,3:00:00 PM,50.13,50.13
,4:00:00 PM,0,0
,5:00:00 PM,1400.55,1400.55
,6:00:00 PM,0,0
,7:00:00 PM,2195.34,2195.34
,8:00:00 PM,600.53,600.53
,9:00:00 PM,2725.87,2725.87
,10:00:00 PM,266.32,266.32
,11:00:00 PM,0,0
02/13/2025,,,
,12:00:00 AM,0,0
,1:00:00 AM,0,0
,2:00:00 AM,0,0
,3:00:00 AM,0,0
,4:00:00 AM,0,0
,5:00:00 AM,0,0
,6:00:00 AM,0,0
,7:00:00 AM,0,0
,8:00:00 AM,0,0
,9:00:00 AM,0,0
,10:00:00 AM,0,0
,11:00:00 AM,0,0
,12:00:00 PM,0,0
,1:00:00 PM,0,0
,2:00:00 PM,0,0
,3:00:00 PM,0,0
,4:00:00 PM,0,0
,5:00:00 PM,0,0
,6:00:00 PM,0,0
,7:00:00 PM,0,0
,8:00:00 PM,0,0
,9:00:00 PM,0,0
,10:00:00 PM,0,0
,11:00:00 PM,0,0
02/13/2026,,,
,12:00:00 AM,0,0
,1:00:00 AM,0,0
,2:00:00 AM,0,0
,3:00:00 AM,0,0
,4:00:00 AM,0,0
,5:00:00 AM,0,0
,6:00:00 AM,0,0
,7:00:00 AM,0,0
,8:00:00 AM,147.27,147.27
,9:00:00 AM,244.91,244.91
,10:00:00 AM,585.91,585.91
,11:00:00 AM,191.78,191.78
,12:00:00 PM,554.07,554.07
,1:00:00 PM,272.83,272.83
,2:00:00 PM,531.58,531.58
,3:00:00 PM,13.58,13.58
,4:00:00 PM,0,0
,5:00:00 PM,0,0
,6:00:00 PM,0,0
,7:00:00 PM,1516.55,1516.55
,8:00:00 PM,0,0
,9:00:00 PM,0,0
,10:00:00 PM,1907.06,1907.06
,11:00:00 PM,0,0
02/14/2025,,,
,12:00:00 AM,0,0
,1:00:00 AM,0,0
,2:00:00 AM,0,0
,3:00:00 AM,0,0
,4:00:00 AM,0,0
,5:00:00 AM,0,0
,6:00:00 AM,0,0
,7:00:00 AM,0,0
,8:00:00 AM,0,0
,9:00:00 AM,0,0
,10:00:00 AM,0,0
,11:00:00 AM,0,0
,12:00:00 PM,0,0
,1:00:00 PM,0,0
,2:00:00 PM,0,0
,3:00:00 PM,0,0
,4:00:00 PM,0,0
,5:00:00 PM,0,0
,6:00:00 PM,0,0
,7:00:00 PM,0,0
,8:00:00 PM,0,0
,9:00:00 PM,0,0
,10:00:00 PM,0,0
,11:00:00 PM,0,0
02/14/2026,,,
,12:00:00 AM,0,0
,1:00:00 AM,0,0
,2:00:00 AM,0,0
,3:00:00 AM,0,0
,4:00:00 AM,0,0
,5:00:00 AM,0,0
,6:00:00 AM,0,0
,7:00:00 AM,0,0
,8:00:00 AM,26.32,26.32
,9:00:00 AM,145.16,145.16
,10:00:00 AM,173.64,173.64
,11:00:00 AM,416.71,399.21
,12:00:00 PM,387.48,387.48
,1:00:00 PM,195.83,195.83
,2:00:00 PM,174.85,174.85
,3:00:00 PM,81.46,81.46
,4:00:00 PM,0,0
,5:00:00 PM,0,0
,6:00:00 PM,0,0
,7:00:00 PM,1706.53,1706.53
,8:00:00 PM,0,0
,9:00:00 PM,0,0
,10:00:00 PM,1755.74,1755.74
,11:00:00 PM,0,0
02/15/2025,,,
,12:00:00 AM,0,0
,1:00:00 AM,0,0
,2:00:00 AM,0,0
,3:00:00 AM,0,0
,4:00:00 AM,0,0
,5:00:00 AM,0,0
,6:00:00 AM,0,0
,7:00:00 AM,0,0
,8:00:00 AM,0,0
,9:00:00 AM,0,0
,10:00:00 AM,0,0
,11:00:00 AM,0,0
,12:00:00 PM,0,0
,1:00:00 PM,0,0
,2:00:00 PM,0,0
,3:00:00 PM,0,0
,4:00:00 PM,0,0
,5:00:00 PM,0,0
,6:00:00 PM,0,0
,7:00:00 PM,0,0
,8:00:00 PM,0,0
,9:00:00 PM,0,0
,10:00:00 PM,0,0
,11:00:00 PM,0,0
02/15/2026,,,
,12:00:00 AM,0,0
,1:00:00 AM,0,0
,2:00:00 AM,0,0
,3:00:00 AM,0,0
,4:00:00 AM,0,0
,5:00:00 AM,0,0
,6:00:00 AM,0,0
,7:00:00 AM,0,0
,8:00:00 AM,0,0
,9:00:00 AM,0,0
,10:00:00 AM,0,0
,11:00:00 AM,0,0
,12:00:00 PM,0,0
,1:00:00 PM,0,0
,2:00:00 PM,0,0
,3:00:00 PM,0,0
,4:00:00 PM,0,0
,5:00:00 PM,0,0
,6:00:00 PM,0,0
,7:00:00 PM,0,0
,8:00:00 PM,0,0
,9:00:00 PM,0,0
,10:00:00 PM,0,0
,11:00:00 PM,0,0
02/16/2025,,,
,12:00:00 AM,0,0
,1:00:00 AM,0,0
,2:00:00 AM,0,0
,3:00:00 AM,0,0
,4:00:00 AM,0,0
,5:00:00 AM,0,0
,6:00:00 AM,0,0
,7:00:00 AM,0,0
,8:00:00 AM,0,0
,9:00:00 AM,0,0
,10:00:00 AM,0,0
,11:00:00 AM,0,0
,12:00:00 PM,0,0
,1:00:00 PM,0,0
,2:00:00 PM,0,0
,3:00:00 PM,0,0
,4:00:00 PM,0,0
,5:00:00 PM,0,0
,6:00:00 PM,0,0
,7:00:00 PM,0,0
,8:00:00 PM,0,0
,9:00:00 PM,0,0
,10:00:00 PM,0,0
,11:00:00 PM,0,0
02/16/2026,,,
,12:00:00 AM,0,0
,1:00:00 AM,0,0
,2:00:00 AM,0,0
,3:00:00 AM,0,0
,4:00:00 AM,0,0
,5:00:00 AM,0,0
,6:00:00 AM,0,0
,7:00:00 AM,0,0
,8:00:00 AM,0,0
,9:00:00 AM,0,0
,10:00:00 AM,0,0
,11:00:00 AM,0,0
,12:00:00 PM,0,0
,1:00:00 PM,0,0
,2:00:00 PM,0,0
,3:00:00 PM,0,0
,4:00:00 PM,0,0
,5:00:00 PM,0,0
,6:00:00 PM,0,0
,7:00:00 PM,0,0
,8:00:00 PM,0,0
,9:00:00 PM,0,0
,10:00:00 PM,0,0
,11:00:00 PM,0,0
02/17/2025,,,
,12:00:00 AM,0,0
,1:00:00 AM,0,0
,2:00:00 AM,0,0
,3:00:00 AM,0,0
,4:00:00 AM,0,0
,5:00:00 AM,0,0
,6:00:00 AM,0,0
,7:00:00 AM,0,0
,8:00:00 AM,0,0
,9:00:00 AM,0,0
,10:00:00 AM,0,0
,11:00:00 AM,0,0
,12:00:00 PM,0,0
,1:00:00 PM,0,0
,2:00:00 PM,0,0
,3:00:00 PM,0,0
,4:00:00 PM,0,0
,5:00:00 PM,0,0
,6:00:00 PM,0,0
,7:00:00 PM,0,0
,8:00:00 PM,0,0
,9:00:00 PM,0,0
,10:00:00 PM,0,0
,11:00:00 PM,0,0
02/17/2026,,,
,12:00:00 AM,0,0
,1:00:00 AM,0,0
,2:00:00 AM,0,0
,3:00:00 AM,0,0
,4:00:00 AM,0,0
,5:00:00 AM,0,0
,6:00:00 AM,0,0
,7:00:00 AM,0,0
,8:00:00 AM,0,0
,9:00:00 AM,3.13,3.13
,10:00:00 AM,18.77,18.12
,11:00:00 AM,149.88,149.88
,12:00:00 PM,201.57,201.57
,1:00:00 PM,12,12
,2:00:00 PM,0,0
,3:00:00 PM,0,0
,4:00:00 PM,0,0
,5:00:00 PM,0,0
,6:00:00 PM,0,0
,7:00:00 PM,0,0
,8:00:00 PM,0,0
,9:00:00 PM,0,0
,10:00:00 PM,0,0
,11:00:00 PM,0,0
02/18/2025,,,
,12:00:00 AM,0,0
,1:00:00 AM,0,0
,2:00:00 AM,0,0
,3:00:00 AM,0,0
,4:00:00 AM,0,0
,5:00:00 AM,0,0
,6:00:00 AM,0,0
,7:00:00 AM,0,0
,8:00:00 AM,0,0
,9:00:00 AM,0,0
,10:00:00 AM,0,0
,11:00:00 AM,0,0
,12:00:00 PM,0,0
,1:00:00 PM,0,0
,2:00:00 PM,0,0
,3:00:00 PM,0,0
,4:00:00 PM,0,0
,5:00:00 PM,0,0
,6:00:00 PM,0,0
,7:00:00 PM,0,0
,8:00:00 PM,0,0
,9:00:00 PM,0,0
,10:00:00 PM,0,0
,11:00:00 PM,0,0
02/18/2026,,,
,12:00:00 AM,0,0
,1:00:00 AM,0,0
,2:00:00 AM,0,0
,3:00:00 AM,0,0
,4:00:00 AM,0,0
,5:00:00 AM,0,0
,6:00:00 AM,0,0
,7:00:00 AM,0,0
,8:00:00 AM,141.52,141.52
,9:00:00 AM,107.54,106.84
,10:00:00 AM,85.08,84.38
,11:00:00 AM,528.44,527.74
,12:00:00 PM,49.09,49.09
,1:00:00 PM,186.43,186.43
,2:00:00 PM,0,0
,3:00:00 PM,0,0
,4:00:00 PM,0,0
,5:00:00 PM,833.98,833.98
,6:00:00 PM,743.62,743.62
,7:00:00 PM,2135.8,2135.8
,8:00:00 PM,784.35,784.35
,9:00:00 PM,3188.54,3188.54
,10:00:00 PM,0,0
,11:00:00 PM,0,0
02/19/2025,,,
,12:00:00 AM,0,0
,1:00:00 AM,0,0
,2:00:00 AM,0,0
,3:00:00 AM,0,0
,4:00:00 AM,0,0
,5:00:00 AM,0,0
,6:00:00 AM,0,0
,7:00:00 AM,0,0
,8:00:00 AM,0,0
,9:00:00 AM,0,0
,10:00:00 AM,0,0
,11:00:00 AM,0,0
,12:00:00 PM,0,0
,1:00:00 PM,0,0
,2:00:00 PM,0,0
,3:00:00 PM,0,0
,4:00:00 PM,0,0
,5:00:00 PM,0,0
,6:00:00 PM,0,0
,7:00:00 PM,0,0
,8:00:00 PM,0,0
,9:00:00 PM,0,0
,10:00:00 PM,0,0
,11:00:00 PM,0,0
02/19/2026,,,
,12:00:00 AM,0,0
,1:00:00 AM,0,0
,2:00:00 AM,0,0
,3:00:00 AM,0,0
,4:00:00 AM,0,0
,5:00:00 AM,0,0
,6:00:00 AM,0,0
,7:00:00 AM,0,0
,8:00:00 AM,170.24,170.24
,9:00:00 AM,51.7,51.7
,10:00:00 AM,315.41,315.41
,11:00:00 AM,161.1,161.1
,12:00:00 PM,103.39,103.39
,1:00:00 PM,132.52,94.72
,2:00:00 PM,72.58,72.58
,3:00:00 PM,0,0
,4:00:00 PM,0,0
,5:00:00 PM,1127.95,1127.95
,6:00:00 PM,387.47,387.47
,7:00:00 PM,1914.7,1914.7
,8:00:00 PM,692.44,692.44
,9:00:00 PM,1742.05,1742.05
,10:00:00 PM,548.31,548.31
,11:00:00 PM,0,0
02/20/2025,,,
,12:00:00 AM,0,0
,1:00:00 AM,0,0
,2:00:00 AM,0,0
,3:00:00 AM,0,0
,4:00:00 AM,0,0
,5:00:00 AM,0,0
,6:00:00 AM,0,0
,7:00:00 AM,0,0
,8:00:00 AM,0,0
,9:00:00 AM,0,0
,10:00:00 AM,0,0
,11:00:00 AM,0,0
,12:00:00 PM,0,0
,1:00:00 PM,0,0
,2:00:00 PM,0,0
,3:00:00 PM,0,0
,4:00:00 PM,0,0
,5:00:00 PM,0,0
,6:00:00 PM,0,0
,7:00:00 PM,0,0
,8:00:00 PM,0,0
,9:00:00 PM,0,0
,10:00:00 PM,0,0
,11:00:00 PM,0,0
02/20/2026,,,
,12:00:00 AM,0,0
,1:00:00 AM,0,0
,2:00:00 AM,0,0
,3:00:00 AM,0,0
,4:00:00 AM,0,0
,5:00:00 AM,0,0
,6:00:00 AM,0,0
,7:00:00 AM,0,0
,8:00:00 AM,48.02,47.32
,9:00:00 AM,292.9,292.9
,10:00:00 AM,382.99,379.74
,11:00:00 AM,159.23,158.08
,12:00:00 PM,322.48,320.48
,1:00:00 PM,207.84,207.84
,2:00:00 PM,101.83,101.83
,3:00:00 PM,50.13,50.13
,4:00:00 PM,18.8,18.8
,5:00:00 PM,854.32,854.32
,6:00:00 PM,669.78,669.78
,7:00:00 PM,2794.81,2794.81
,8:00:00 PM,213.06,213.06
,9:00:00 PM,1153.02,1153.02
,10:00:00 PM,2494.03,2494.03
,11:00:00 PM,0,0
02/21/2025,,,
,12:00:00 AM,0,0
,1:00:00 AM,0,0
,2:00:00 AM,0,0
,3:00:00 AM,0,0
,4:00:00 AM,0,0
,5:00:00 AM,0,0
,6:00:00 AM,0,0
,7:00:00 AM,0,0
,8:00:00 AM,0,0
,9:00:00 AM,0,0
,10:00:00 AM,0,0
,11:00:00 AM,0,0
,12:00:00 PM,0,0
,1:00:00 PM,0,0
,2:00:00 PM,0,0
,3:00:00 PM,0,0
,4:00:00 PM,0,0
,5:00:00 PM,0,0
,6:00:00 PM,0,0
,7:00:00 PM,0,0
,8:00:00 PM,0,0
,9:00:00 PM,0,0
,10:00:00 PM,0,0
,11:00:00 PM,0,0
02/21/2026,,,
,12:00:00 AM,0,0
,1:00:00 AM,0,0
,2:00:00 AM,0,0
,3:00:00 AM,0,0
,4:00:00 AM,0,0
,5:00:00 AM,0,0
,6:00:00 AM,0,0
,7:00:00 AM,0,0
,8:00:00 AM,7.31,7.31
,9:00:00 AM,189.56,189.56
,10:00:00 AM,612.78,612.78
,11:00:00 AM,370.76,370.76
,12:00:00 PM,357.22,355.62
,1:00:00 PM,199.27,194.57
,2:00:00 PM,195.31,195.31
,3:00:00 PM,0,0
,4:00:00 PM,0,0
,5:00:00 PM,1681.28,1681.28
,6:00:00 PM,393.74,393.74
,7:00:00 PM,2324.83,2324.83
,8:00:00 PM,1498.71,1498.71
,9:00:00 PM,2097.15,2097.15
,10:00:00 PM,557.71,557.71
,11:00:00 PM,0,0
02/22/2025,,,
,12:00:00 AM,0,0
,1:00:00 AM,0,0
,2:00:00 AM,0,0
,3:00:00 AM,0,0
,4:00:00 AM,0,0
,5:00:00 AM,0,0
,6:00:00 AM,0,0
,7:00:00 AM,0,0
,8:00:00 AM,0,0
,9:00:00 AM,0,0
,10:00:00 AM,0,0
,11:00:00 AM,0,0
,12:00:00 PM,0,0
,1:00:00 PM,0,0
,2:00:00 PM,0,0
,3:00:00 PM,0,0
,4:00:00 PM,0,0
,5:00:00 PM,0,0
,6:00:00 PM,0,0
,7:00:00 PM,0,0
,8:00:00 PM,0,0
,9:00:00 PM,0,0
,10:00:00 PM,0,0
,11:00:00 PM,0,0
02/22/2026,,,
,12:00:00 AM,0,0
,1:00:00 AM,0,0
,2:00:00 AM,0,0
,3:00:00 AM,0,0
,4:00:00 AM,0,0
,5:00:00 AM,0,0
,6:00:00 AM,0,0
,7:00:00 AM,0,0
,8:00:00 AM,0,0
,9:00:00 AM,0,0
,10:00:00 AM,0,0
,11:00:00 AM,0,0
,12:00:00 PM,0,0
,1:00:00 PM,0,0
,2:00:00 PM,0,0
,3:00:00 PM,0,0
,4:00:00 PM,0,0
,5:00:00 PM,0,0
,6:00:00 PM,0,0
,7:00:00 PM,0,0
,8:00:00 PM,0,0
,9:00:00 PM,0,0
,10:00:00 PM,0,0
,11:00:00 PM,0,0
02/23/2025,,,
,12:00:00 AM,0,0
,1:00:00 AM,0,0
,2:00:00 AM,0,0
,3:00:00 AM,0,0
,4:00:00 AM,0,0
,5:00:00 AM,0,0
,6:00:00 AM,0,0
,7:00:00 AM,0,0
,8:00:00 AM,0,0
,9:00:00 AM,0,0
,10:00:00 AM,0,0
,11:00:00 AM,0,0
,12:00:00 PM,0,0
,1:00:00 PM,0,0
,2:00:00 PM,0,0
,3:00:00 PM,0,0
,4:00:00 PM,0,0
,5:00:00 PM,0,0
,6:00:00 PM,0,0
,7:00:00 PM,0,0
,8:00:00 PM,0,0
,9:00:00 PM,0,0
,10:00:00 PM,0,0
,11:00:00 PM,0,0
02/23/2026,,,
,12:00:00 AM,0,0
,1:00:00 AM,0,0
,2:00:00 AM,0,0
,3:00:00 AM,0,0
,4:00:00 AM,0,0
,5:00:00 AM,0,0
,6:00:00 AM,0,0
,7:00:00 AM,0,0
,8:00:00 AM,0,0
,9:00:00 AM,0,0
,10:00:00 AM,0,0
,11:00:00 AM,0,0
,12:00:00 PM,0,0
,1:00:00 PM,0,0
,2:00:00 PM,0,0
,3:00:00 PM,0,0
,4:00:00 PM,0,0
,5:00:00 PM,0,0
,6:00:00 PM,0,0
,7:00:00 PM,0,0
,8:00:00 PM,0,0
,9:00:00 PM,0,0
,10:00:00 PM,0,0
,11:00:00 PM,0,0
02/24/2025,,,
,12:00:00 AM,0,0
,1:00:00 AM,0,0
,2:00:00 AM,0,0
,3:00:00 AM,0,0
,4:00:00 AM,0,0
,5:00:00 AM,0,0
,6:00:00 AM,0,0
,7:00:00 AM,0,0
,8:00:00 AM,0,0
,9:00:00 AM,0,0
,10:00:00 AM,0,0
,11:00:00 AM,0,0
,12:00:00 PM,0,0
,1:00:00 PM,0,0
,2:00:00 PM,0,0
,3:00:00 PM,0,0
,4:00:00 PM,0,0
,5:00:00 PM,0,0
,6:00:00 PM,0,0
,7:00:00 PM,0,0
,8:00:00 PM,0,0
,9:00:00 PM,0,0
,10:00:00 PM,0,0
,11:00:00 PM,0,0
02/24/2026,,,
,12:00:00 AM,0,0
,1:00:00 AM,0,0
,2:00:00 AM,0,0
,3:00:00 AM,0,0
,4:00:00 AM,0,0
,5:00:00 AM,0,0
,6:00:00 AM,0,0
,7:00:00 AM,0,0
,8:00:00 AM,129.5,129.5
,9:00:00 AM,119.54,118.84
,10:00:00 AM,12.53,12.53
,11:00:00 AM,47.47,46.32
,12:00:00 PM,53.79,53.79
,1:00:00 PM,48.05,48.05
,2:00:00 PM,53.18,51.03
,3:00:00 PM,0,0
,4:00:00 PM,0,0
,5:00:00 PM,0,0
,6:00:00 PM,0,0
,7:00:00 PM,0,0
,8:00:00 PM,0,0
,9:00:00 PM,0,0
,10:00:00 PM,0,0
,11:00:00 PM,0,0
02/25/2025,,,
,12:00:00 AM,0,0
,1:00:00 AM,0,0
,2:00:00 AM,0,0
,3:00:00 AM,0,0
,4:00:00 AM,0,0
,5:00:00 AM,0,0
,6:00:00 AM,0,0
,7:00:00 AM,0,0
,8:00:00 AM,0,0
,9:00:00 AM,0,0
,10:00:00 AM,0,0
,11:00:00 AM,0,0
,12:00:00 PM,0,0
,1:00:00 PM,0,0
,2:00:00 PM,0,0
,3:00:00 PM,0,0
,4:00:00 PM,0,0
,5:00:00 PM,0,0
,6:00:00 PM,0,0
,7:00:00 PM,0,0
,8:00:00 PM,0,0
,9:00:00 PM,0,0
,10:00:00 PM,0,0
,11:00:00 PM,0,0
02/25/2026,,,
,12:00:00 AM,0,0
,1:00:00 AM,0,0
,2:00:00 AM,0,0
,3:00:00 AM,0,0
,4:00:00 AM,0,0
,5:00:00 AM,0,0
,6:00:00 AM,0,0
,7:00:00 AM,0,0
,8:00:00 AM,93.48,93.48
,9:00:00 AM,121.61,121.61
,10:00:00 AM,196.1,195.4
,11:00:00 AM,156.39,156.39
,12:00:00 PM,419.62,419.62
,1:00:00 PM,59.01,59.01
,2:00:00 PM,139.43,139.43
,3:00:00 PM,0,0
,4:00:00 PM,0,0
,5:00:00 PM,976.51,976.51
,6:00:00 PM,530.56,530.56
,7:00:00 PM,2878.37,2878.37
,8:00:00 PM,0,0
,9:00:00 PM,2007.85,1935.85
,10:00:00 PM,0,0
,11:00:00 PM,0,0
02/26/2025,,,
,12:00:00 AM,0,0
,1:00:00 AM,0,0
,2:00:00 AM,0,0
,3:00:00 AM,0,0
,4:00:00 AM,0,0
,5:00:00 AM,0,0
,6:00:00 AM,0,0
,7:00:00 AM,0,0
,8:00:00 AM,0,0
,9:00:00 AM,0,0
,10:00:00 AM,0,0
,11:00:00 AM,0,0
,12:00:00 PM,0,0
,1:00:00 PM,0,0
,2:00:00 PM,0,0
,3:00:00 PM,0,0
,4:00:00 PM,0,0
,5:00:00 PM,0,0
,6:00:00 PM,0,0
,7:00:00 PM,0,0
,8:00:00 PM,0,0
,9:00:00 PM,0,0
,10:00:00 PM,0,0
,11:00:00 PM,0,0
02/26/2026,,,
,12:00:00 AM,0,0
,1:00:00 AM,0,0
,2:00:00 AM,0,0
,3:00:00 AM,0,0
,4:00:00 AM,0,0
,5:00:00 AM,0,0
,6:00:00 AM,0,0
,7:00:00 AM,29.24,29.24
,8:00:00 AM,42.28,41.68
,9:00:00 AM,80.49,70.09
,10:00:00 AM,42.82,42.82
,11:00:00 AM,186.96,186.96
,12:00:00 PM,252.23,252.23
,1:00:00 PM,241.91,241.91
,2:00:00 PM,91.47,89.67
,3:00:00 PM,0,0
,4:00:00 PM,0,0
,5:00:00 PM,858.5,858.5
,6:00:00 PM,1433.96,1433.96
,7:00:00 PM,2238.16,2238.16
,8:00:00 PM,779.13,779.13
,9:00:00 PM,1840.24,1840.24
,10:00:00 PM,1429.78,1429.78
,11:00:00 PM,0,0
02/27/2025,,,
,12:00:00 AM,0,0
,1:00:00 AM,0,0
,2:00:00 AM,0,0
,3:00:00 AM,0,0
,4:00:00 AM,0,0
,5:00:00 AM,0,0
,6:00:00 AM,0,0
,7:00:00 AM,0,0
,8:00:00 AM,0,0
,9:00:00 AM,0,0
,10:00:00 AM,0,0
,11:00:00 AM,0,0
,12:00:00 PM,0,0
,1:00:00 PM,0,0
,2:00:00 PM,0,0
,3:00:00 PM,0,0
,4:00:00 PM,0,0
,5:00:00 PM,0,0
,6:00:00 PM,0,0
,7:00:00 PM,0,0
,8:00:00 PM,0,0
,9:00:00 PM,0,0
,10:00:00 PM,0,0
,11:00:00 PM,0,0
02/27/2026,,,
,12:00:00 AM,0,0
,1:00:00 AM,0,0
,2:00:00 AM,0,0
,3:00:00 AM,0,0
,4:00:00 AM,0,0
,5:00:00 AM,0,0
,6:00:00 AM,0,0
,7:00:00 AM,0,0
,8:00:00 AM,67.37,67.37
,9:00:00 AM,73.77,72.17
,10:00:00 AM,204.7,204.7
,11:00:00 AM,148.83,148.83
,12:00:00 PM,133.58,131.28
,1:00:00 PM,180.68,180.68
,2:00:00 PM,205.21,205.21
,3:00:00 PM,0,0
,4:00:00 PM,0,0
,5:00:00 PM,888.79,888.79
,6:00:00 PM,980.68,980.68
,7:00:00 PM,2297.68,2297.68
,8:00:00 PM,1003.68,1003.68
,9:00:00 PM,2217.26,2217.26
,10:00:00 PM,672.59,672.59
,11:00:00 PM,0,0
02/28/2025,,,
,12:00:00 AM,0,0
,1:00:00 AM,0,0
,2:00:00 AM,0,0
,3:00:00 AM,0,0
,4:00:00 AM,0,0
,5:00:00 AM,0,0
,6:00:00 AM,0,0
,7:00:00 AM,0,0
,8:00:00 AM,0,0
,9:00:00 AM,0,0
,10:00:00 AM,0,0
,11:00:00 AM,0,0
,12:00:00 PM,0,0
,1:00:00 PM,0,0
,2:00:00 PM,0,0
,3:00:00 PM,0,0
,4:00:00 PM,0,0
,5:00:00 PM,0,0
,6:00:00 PM,0,0
,7:00:00 PM,0,0
,8:00:00 PM,0,0
,9:00:00 PM,0,0
,10:00:00 PM,0,0
,11:00:00 PM,0,0
02/28/2026,,,
,12:00:00 AM,0,0
,1:00:00 AM,0,0
,2:00:00 AM,0,0
,3:00:00 AM,0,0
,4:00:00 AM,0,0
,5:00:00 AM,0,0
,6:00:00 AM,0,0
,7:00:00 AM,0,0
,8:00:00 AM,32.37,32.37
,9:00:00 AM,169.11,167.11
,10:00:00 AM,199.47,199.47
,11:00:00 AM,437.6,437.6
,12:00:00 PM,230.82,230.82
,1:00:00 PM,73.65,66.4
,2:00:00 PM,272.07,272.07
,3:00:00 PM,0,0
,4:00:00 PM,0,0
,5:00:00 PM,1590.63,1590.63
,6:00:00 PM,572.33,572.33
,7:00:00 PM,1737.88,1737.88
,8:00:00 PM,1219.86,1219.86
,9:00:00 PM,1837.5,1799.5
,10:00:00 PM,792.7,792.7
,11:00:00 PM,0,0
03/01/2025,,,
,12:00:00 AM,0,0
,1:00:00 AM,0,0
,2:00:00 AM,0,0
,3:00:00 AM,0,0
,4:00:00 AM,0,0
,5:00:00 AM,0,0
,6:00:00 AM,0,0
,7:00:00 AM,0,0
,8:00:00 AM,0,0
,9:00:00 AM,0,0
,10:00:00 AM,0,0
,11:00:00 AM,0,0
,12:00:00 PM,0,0
,1:00:00 PM,0,0
,2:00:00 PM,0,0
,3:00:00 PM,0,0
,4:00:00 PM,0,0
,5:00:00 PM,0,0
,6:00:00 PM,0,0
,7:00:00 PM,0,0
,8:00:00 PM,0,0
,9:00:00 PM,0,0
,10:00:00 PM,0,0
,11:00:00 PM,0,0
03/01/2026,,,
,12:00:00 AM,0,0
,1:00:00 AM,0,0
,2:00:00 AM,0,0
,3:00:00 AM,0,0
,4:00:00 AM,0,0
,5:00:00 AM,0,0
,6:00:00 AM,0,0
,7:00:00 AM,0,0
,8:00:00 AM,0,0
,9:00:00 AM,0,0
,10:00:00 AM,0,0
,11:00:00 AM,0,0
,12:00:00 PM,0,0
,1:00:00 PM,0,0
,2:00:00 PM,0,0
,3:00:00 PM,0,0
,4:00:00 PM,0,0
,5:00:00 PM,0,0
,6:00:00 PM,0,0
,7:00:00 PM,0,0
,8:00:00 PM,0,0
,9:00:00 PM,0,0
,10:00:00 PM,0,0
,11:00:00 PM,0,0
03/02/2025,,,
,12:00:00 AM,0,0
,1:00:00 AM,0,0
,2:00:00 AM,0,0
,3:00:00 AM,0,0
,4:00:00 AM,0,0
,5:00:00 AM,0,0
,6:00:00 AM,0,0
,7:00:00 AM,0,0
,8:00:00 AM,0,0
,9:00:00 AM,0,0
,10:00:00 AM,0,0
,11:00:00 AM,0,0
,12:00:00 PM,0,0
,1:00:00 PM,0,0
,2:00:00 PM,0,0
,3:00:00 PM,0,0
,4:00:00 PM,0,0
,5:00:00 PM,0,0
,6:00:00 PM,0,0
,7:00:00 PM,0,0
,8:00:00 PM,0,0
,9:00:00 PM,0,0
,10:00:00 PM,0,0
,11:00:00 PM,0,0
03/02/2026,,,
,12:00:00 AM,0,0
,1:00:00 AM,0,0
,2:00:00 AM,0,0
,3:00:00 AM,0,0
,4:00:00 AM,0,0
,5:00:00 AM,0,0
,6:00:00 AM,0,0
,7:00:00 AM,0,0
,8:00:00 AM,0,0
,9:00:00 AM,0,0
,10:00:00 AM,0,0
,11:00:00 AM,0,0
,12:00:00 PM,0,0
,1:00:00 PM,0,0
,2:00:00 PM,0,0
,3:00:00 PM,0,0
,4:00:00 PM,0,0
,5:00:00 PM,0,0
,6:00:00 PM,0,0
,7:00:00 PM,0,0
,8:00:00 PM,0,0
,9:00:00 PM,0,0
,10:00:00 PM,0,0
,11:00:00 PM,0,0
03/03/2025,,,
,12:00:00 AM,0,0
,1:00:00 AM,0,0
,2:00:00 AM,0,0
,3:00:00 AM,0,0
,4:00:00 AM,0,0
,5:00:00 AM,0,0
,6:00:00 AM,0,0
,7:00:00 AM,0,0
,8:00:00 AM,0,0
,9:00:00 AM,0,0
,10:00:00 AM,0,0
,11:00:00 AM,0,0
,12:00:00 PM,0,0
,1:00:00 PM,0,0
,2:00:00 PM,0,0
,3:00:00 PM,0,0
,4:00:00 PM,0,0
,5:00:00 PM,0,0
,6:00:00 PM,0,0
,7:00:00 PM,0,0
,8:00:00 PM,0,0
,9:00:00 PM,0,0
,10:00:00 PM,0,0
,11:00:00 PM,0,0
03/03/2026,,,
,12:00:00 AM,0,0
,1:00:00 AM,0,0
,2:00:00 AM,0,0
,3:00:00 AM,0,0
,4:00:00 AM,0,0
,5:00:00 AM,0,0
,6:00:00 AM,0,0
,7:00:00 AM,0,0
,8:00:00 AM,68.49,68.49
,9:00:00 AM,304.96,304.96
,10:00:00 AM,69.98,69.98
,11:00:00 AM,140.37,140.37
,12:00:00 PM,112.27,112.27
,1:00:00 PM,67.7,67.7
,2:00:00 PM,0,0
,3:00:00 PM,88.25,88.25
,4:00:00 PM,0,0
,5:00:00 PM,0,0
,6:00:00 PM,0,0
,7:00:00 PM,0,0
,8:00:00 PM,0,0
,9:00:00 PM,0,0
,10:00:00 PM,0,0
,11:00:00 PM,0,0
03/04/2025,,,
,12:00:00 AM,0,0
,1:00:00 AM,0,0
,2:00:00 AM,0,0
,3:00:00 AM,0,0
,4:00:00 AM,0,0
,5:00:00 AM,0,0
,6:00:00 AM,0,0
,7:00:00 AM,0,0
,8:00:00 AM,0,0
,9:00:00 AM,0,0
,10:00:00 AM,0,0
,11:00:00 AM,0,0
,12:00:00 PM,0,0
,1:00:00 PM,0,0
,2:00:00 PM,0,0
,3:00:00 PM,0,0
,4:00:00 PM,0,0
,5:00:00 PM,0,0
,6:00:00 PM,0,0
,7:00:00 PM,0,0
,8:00:00 PM,0,0
,9:00:00 PM,0,0
,10:00:00 PM,0,0
,11:00:00 PM,0,0
03/04/2026,,,
,12:00:00 AM,0,0
,1:00:00 AM,0,0
,2:00:00 AM,0,0
,3:00:00 AM,0,0
,4:00:00 AM,0,0
,5:00:00 AM,0,0
,6:00:00 AM,0,0
,7:00:00 AM,0,0
,8:00:00 AM,92.95,92.95
,9:00:00 AM,196.87,196.87
,10:00:00 AM,4.18,4.18
,11:00:00 AM,114.84,113.94
,12:00:00 PM,213.32,212.72
,1:00:00 PM,76.77,76.77
,2:00:00 PM,76.24,76.24
,3:00:00 PM,109.66,109.66
,4:00:00 PM,64.75,64.75
,5:00:00 PM,895.04,895.04
,6:00:00 PM,1105.61,1105.61
,7:00:00 PM,1551.97,1551.97
,8:00:00 PM,1169.73,1169.73
,9:00:00 PM,1292.96,1292.96
,10:00:00 PM,1824.56,1824.56
,11:00:00 PM,0,0
03/05/2025,,,
,12:00:00 AM,0,0
,1:00:00 AM,0,0
,2:00:00 AM,0,0
,3:00:00 AM,0,0
,4:00:00 AM,0,0
,5:00:00 AM,0,0
,6:00:00 AM,0,0
,7:00:00 AM,0,0
,8:00:00 AM,0,0
,9:00:00 AM,0,0
,10:00:00 AM,0,0
,11:00:00 AM,0,0
,12:00:00 PM,0,0
,1:00:00 PM,0,0
,2:00:00 PM,0,0
,3:00:00 PM,0,0
,4:00:00 PM,0,0
,5:00:00 PM,0,0
,6:00:00 PM,0,0
,7:00:00 PM,0,0
,8:00:00 PM,0,0
,9:00:00 PM,0,0
,10:00:00 PM,0,0
,11:00:00 PM,0,0
03/05/2026,,,
,12:00:00 AM,0,0
,1:00:00 AM,0,0
,2:00:00 AM,0,0
,3:00:00 AM,0,0
,4:00:00 AM,0,0
,5:00:00 AM,0,0
,6:00:00 AM,0,0
,7:00:00 AM,0,0
,8:00:00 AM,79.76,75.46
,9:00:00 AM,51.69,51.69
,10:00:00 AM,133.16,133.16
,11:00:00 AM,142.04,142.04
,12:00:00 PM,146.19,145.49
,1:00:00 PM,179.64,179.64
,2:00:00 PM,110.18,110.18
,3:00:00 PM,0,0
,4:00:00 PM,0,0
,5:00:00 PM,727.94,727.94
,6:00:00 PM,1062.16,1062.16
,7:00:00 PM,1968.69,1968.69
,8:00:00 PM,585.91,585.91
,9:00:00 PM,1452.77,1452.77
,10:00:00 PM,1016.02,1016.02
,11:00:00 PM,0,0
03/06/2025,,,
,12:00:00 AM,0,0
,1:00:00 AM,0,0
,2:00:00 AM,0,0
,3:00:00 AM,0,0
,4:00:00 AM,0,0
,5:00:00 AM,0,0
,6:00:00 AM,0,0
,7:00:00 AM,0,0
,8:00:00 AM,0,0
,9:00:00 AM,0,0
,10:00:00 AM,0,0
,11:00:00 AM,0,0
,12:00:00 PM,0,0
,1:00:00 PM,0,0
,2:00:00 PM,0,0
,3:00:00 PM,0,0
,4:00:00 PM,0,0
,5:00:00 PM,0,0
,6:00:00 PM,0,0
,7:00:00 PM,0,0
,8:00:00 PM,0,0
,9:00:00 PM,0,0
,10:00:00 PM,0,0
,11:00:00 PM,0,0
03/06/2026,,,
,12:00:00 AM,0,0
,1:00:00 AM,0,0
,2:00:00 AM,0,0
,3:00:00 AM,0,0
,4:00:00 AM,0,0
,5:00:00 AM,0,0
,6:00:00 AM,0,0
,7:00:00 AM,0,0
,8:00:00 AM,42.3,42.3
,9:00:00 AM,71.54,71.54
,10:00:00 AM,134.21,134.21
,11:00:00 AM,395.32,395.32
,12:00:00 PM,221.68,219.03
,1:00:00 PM,466.75,466.75
,2:00:00 PM,156.43,156.13
,3:00:00 PM,34.99,34.99
,4:00:00 PM,0,0
,5:00:00 PM,0,0
,6:00:00 PM,1668.72,1668.72
,7:00:00 PM,1402.62,1402.62
,8:00:00 PM,1676.19,1676.19
,9:00:00 PM,391.66,391.66
,10:00:00 PM,2324.83,2324.83
,11:00:00 PM,0,0
03/07/2025,,,
,12:00:00 AM,0,0
,1:00:00 AM,0,0
,2:00:00 AM,0,0
,3:00:00 AM,0,0
,4:00:00 AM,0,0
,5:00:00 AM,0,0
,6:00:00 AM,0,0
,7:00:00 AM,0,0
,8:00:00 AM,0,0
,9:00:00 AM,0,0
,10:00:00 AM,0,0
,11:00:00 AM,0,0
,12:00:00 PM,0,0
,1:00:00 PM,0,0
,2:00:00 PM,0,0
,3:00:00 PM,0,0
,4:00:00 PM,0,0
,5:00:00 PM,0,0
,6:00:00 PM,0,0
,7:00:00 PM,0,0
,8:00:00 PM,0,0
,9:00:00 PM,0,0
,10:00:00 PM,0,0
,11:00:00 PM,0,0
03/07/2026,,,
,12:00:00 AM,0,0
,1:00:00 AM,0,0
,2:00:00 AM,0,0
,3:00:00 AM,0,0
,4:00:00 AM,0,0
,5:00:00 AM,0,0
,6:00:00 AM,0,0
,7:00:00 AM,0,0
,8:00:00 AM,177.55,177.55
,9:00:00 AM,270.49,270.49
,10:00:00 AM,571.6,571.6
,11:00:00 AM,182.57,177.92
,12:00:00 PM,163.98,163.98
,1:00:00 PM,226.11,226.11
,2:00:00 PM,6.79,6.79
,3:00:00 PM,0,0
,4:00:00 PM,0,0
,5:00:00 PM,786.43,786.43
,6:00:00 PM,1326.39,1326.39
,7:00:00 PM,1027.69,1027.69
,8:00:00 PM,1643.9,1643.9
,9:00:00 PM,1026.45,998.45
,10:00:00 PM,1489.24,1489.24
,11:00:00 PM,0,0
03/08/2025,,,
,12:00:00 AM,0,0
,1:00:00 AM,0,0
,2:00:00 AM,0,0
,3:00:00 AM,0,0
,4:00:00 AM,0,0
,5:00:00 AM,0,0
,6:00:00 AM,0,0
,7:00:00 AM,0,0
,8:00:00 AM,0,0
,9:00:00 AM,0,0
,10:00:00 AM,0,0
,11:00:00 AM,0,0
,12:00:00 PM,0,0
,1:00:00 PM,0,0
,2:00:00 PM,0,0
,3:00:00 PM,0,0
,4:00:00 PM,0,0
,5:00:00 PM,0,0
,6:00:00 PM,0,0
,7:00:00 PM,0,0
,8:00:00 PM,0,0
,9:00:00 PM,0,0
,10:00:00 PM,0,0
,11:00:00 PM,0,0
03/08/2026,,,
,12:00:00 AM,0,0
,1:00:00 AM,0,0
,2:00:00 AM,0,0
,3:00:00 AM,0,0
,4:00:00 AM,0,0
,5:00:00 AM,0,0
,6:00:00 AM,0,0
,7:00:00 AM,0,0
,8:00:00 AM,0,0
,9:00:00 AM,0,0
,10:00:00 AM,0,0
,11:00:00 AM,0,0
,12:00:00 PM,0,0
,1:00:00 PM,0,0
,2:00:00 PM,0,0
,3:00:00 PM,0,0
,4:00:00 PM,0,0
,5:00:00 PM,0,0
,6:00:00 PM,0,0
,7:00:00 PM,0,0
,8:00:00 PM,0,0
,9:00:00 PM,0,0
,10:00:00 PM,0,0
,11:00:00 PM,0,0
03/09/2025,,,
,12:00:00 AM,0,0
,1:00:00 AM,0,0
,2:00:00 AM,0,0
,3:00:00 AM,0,0
,4:00:00 AM,0,0
,5:00:00 AM,0,0
,6:00:00 AM,0,0
,7:00:00 AM,0,0
,8:00:00 AM,0,0
,9:00:00 AM,0,0
,10:00:00 AM,0,0
,11:00:00 AM,0,0
,12:00:00 PM,0,0
,1:00:00 PM,0,0
,2:00:00 PM,0,0
,3:00:00 PM,0,0
,4:00:00 PM,0,0
,5:00:00 PM,0,0
,6:00:00 PM,0,0
,7:00:00 PM,0,0
,8:00:00 PM,0,0
,9:00:00 PM,0,0
,10:00:00 PM,0,0
,11:00:00 PM,0,0
03/09/2026,,,
,12:00:00 AM,0,0
,1:00:00 AM,0,0
,2:00:00 AM,0,0
,3:00:00 AM,0,0
,4:00:00 AM,0,0
,5:00:00 AM,0,0
,6:00:00 AM,0,0
,7:00:00 AM,0,0
,8:00:00 AM,0,0
,9:00:00 AM,0,0
,10:00:00 AM,0,0
,11:00:00 AM,0,0
,12:00:00 PM,0,0
,1:00:00 PM,0,0
,2:00:00 PM,0,0
,3:00:00 PM,0,0
,4:00:00 PM,0,0
,5:00:00 PM,0,0
,6:00:00 PM,0,0
,7:00:00 PM,0,0
,8:00:00 PM,0,0
,9:00:00 PM,0,0
,10:00:00 PM,0,0
,11:00:00 PM,0,0
03/10/2025,,,
,12:00:00 AM,0,0
,1:00:00 AM,0,0
,2:00:00 AM,0,0
,3:00:00 AM,0,0
,4:00:00 AM,0,0
,5:00:00 AM,0,0
,6:00:00 AM,0,0
,7:00:00 AM,0,0
,8:00:00 AM,0,0
,9:00:00 AM,0,0
,10:00:00 AM,0,0
,11:00:00 AM,0,0
,12:00:00 PM,0,0
,1:00:00 PM,0,0
,2:00:00 PM,0,0
,3:00:00 PM,0,0
,4:00:00 PM,0,0
,5:00:00 PM,0,0
,6:00:00 PM,0,0
,7:00:00 PM,0,0
,8:00:00 PM,0,0
,9:00:00 PM,0,0
,10:00:00 PM,0,0
,11:00:00 PM,0,0
03/10/2026,,,
,12:00:00 AM,0,0
,1:00:00 AM,0,0
,2:00:00 AM,0,0
,3:00:00 AM,0,0
,4:00:00 AM,0,0
,5:00:00 AM,0,0
,6:00:00 AM,0,0
,7:00:00 AM,0,0
,8:00:00 AM,72.51,70.76
,9:00:00 AM,271.25,264.65
,10:00:00 AM,134.2,134.2
,11:00:00 AM,136.5,135.8
,12:00:00 PM,114.8,112.95
,1:00:00 PM,35.51,35.51
,2:00:00 PM,0,0
,3:00:00 PM,0,0
,4:00:00 PM,0,0
,5:00:00 PM,0,0
,6:00:00 PM,0,0
,7:00:00 PM,0,0
,8:00:00 PM,0,0
,9:00:00 PM,0,0
,10:00:00 PM,0,0
,11:00:00 PM,0,0
03/11/2025,,,
,12:00:00 AM,0,0
,1:00:00 AM,0,0
,2:00:00 AM,0,0
,3:00:00 AM,0,0
,4:00:00 AM,0,0
,5:00:00 AM,0,0
,6:00:00 AM,0,0
,7:00:00 AM,0,0
,8:00:00 AM,0,0
,9:00:00 AM,0,0
,10:00:00 AM,0,0
,11:00:00 AM,0,0
,12:00:00 PM,0,0
,1:00:00 PM,0,0
,2:00:00 PM,0,0
,3:00:00 PM,0,0
,4:00:00 PM,0,0
,5:00:00 PM,0,0
,6:00:00 PM,0,0
,7:00:00 PM,0,0
,8:00:00 PM,0,0
,9:00:00 PM,0,0
,10:00:00 PM,0,0
,11:00:00 PM,0,0
03/11/2026,,,
,12:00:00 AM,0,0
,1:00:00 AM,0,0
,2:00:00 AM,0,0
,3:00:00 AM,0,0
,4:00:00 AM,0,0
,5:00:00 AM,0,0
,6:00:00 AM,0,0
,7:00:00 AM,58.41,56.56
,8:00:00 AM,58.49,58.49
,9:00:00 AM,97.13,97.13
,10:00:00 AM,151.45,151.45
,11:00:00 AM,161,161
,12:00:00 PM,0,0
,1:00:00 PM,91.95,90.1
,2:00:00 PM,0,0
,3:00:00 PM,0,0
,4:00:00 PM,1509.15,1509.15
,5:00:00 PM,932.66,932.66
,6:00:00 PM,1835.01,1835.01
,7:00:00 PM,803.14,803.14
,8:00:00 PM,1265.51,1265.51
,9:00:00 PM,2113.87,2113.87
,10:00:00 PM,0,0
,11:00:00 PM,0,0
03/12/2025,,,
,12:00:00 AM,0,0
,1:00:00 AM,0,0
,2:00:00 AM,0,0
,3:00:00 AM,0,0
,4:00:00 AM,0,0
,5:00:00 AM,0,0
,6:00:00 AM,0,0
,7:00:00 AM,0,0
,8:00:00 AM,0,0
,9:00:00 AM,0,0
,10:00:00 AM,0,0
,11:00:00 AM,0,0
,12:00:00 PM,0,0
,1:00:00 PM,0,0
,2:00:00 PM,0,0
,3:00:00 PM,0,0
,4:00:00 PM,0,0
,5:00:00 PM,0,0
,6:00:00 PM,0,0
,7:00:00 PM,0,0
,8:00:00 PM,0,0
,9:00:00 PM,0,0
,10:00:00 PM,0,0
,11:00:00 PM,0,0
03/12/2026,,,
,12:00:00 AM,0,0
,1:00:00 AM,0,0
,2:00:00 AM,0,0
,3:00:00 AM,0,0
,4:00:00 AM,0,0
,5:00:00 AM,0,0
,6:00:00 AM,0,0
,7:00:00 AM,267.71,267.71
,8:00:00 AM,35.48,34.78
,9:00:00 AM,65.77,65.07
,10:00:00 AM,64.19,63.49
,11:00:00 AM,231.23,230.13
,12:00:00 PM,78.78,77.28
,1:00:00 PM,135.87,135.47
,2:00:00 PM,0,0
,3:00:00 PM,85.64,85.64
,4:00:00 PM,868.94,868.94
,5:00:00 PM,773.62,773.62
,6:00:00 PM,2847.04,2847.04
,7:00:00 PM,0,0
,8:00:00 PM,908.63,908.63
,9:00:00 PM,1470.52,1470.52
,10:00:00 PM,0,0
,11:00:00 PM,0,0
03/13/2025,,,
,12:00:00 AM,0,0
,1:00:00 AM,0,0
,2:00:00 AM,0,0
,3:00:00 AM,0,0
,4:00:00 AM,0,0
,5:00:00 AM,0,0
,6:00:00 AM,0,0
,7:00:00 AM,0,0
,8:00:00 AM,0,0
,9:00:00 AM,0,0
,10:00:00 AM,0,0
,11:00:00 AM,0,0
,12:00:00 PM,0,0
,1:00:00 PM,0,0
,2:00:00 PM,0,0
,3:00:00 PM,0,0
,4:00:00 PM,0,0
,5:00:00 PM,0,0
,6:00:00 PM,0,0
,7:00:00 PM,0,0
,8:00:00 PM,0,0
,9:00:00 PM,0,0
,10:00:00 PM,0,0
,11:00:00 PM,0,0
03/13/2026,,,
,12:00:00 AM,0,0
,1:00:00 AM,0,0
,2:00:00 AM,0,0
,3:00:00 AM,0,0
,4:00:00 AM,0,0
,5:00:00 AM,0,0
,6:00:00 AM,0,0
,7:00:00 AM,13.58,13.58
,8:00:00 AM,231.8,230.55
,9:00:00 AM,206.7,204.65
,10:00:00 AM,212.67,211.07
,11:00:00 AM,190.05,189.35
,12:00:00 PM,172.29,171.64
,1:00:00 PM,220.36,220.36
,2:00:00 PM,146.22,146.22
,3:00:00 PM,0,0
,4:00:00 PM,1004.71,1004.71
,5:00:00 PM,667.37,667.37
,6:00:00 PM,2224.56,2224.56
,7:00:00 PM,658.49,658.49
,8:00:00 PM,2041.81,2041.81
,9:00:00 PM,869.99,869.99
,10:00:00 PM,0,0
,11:00:00 PM,0,0
03/14/2025,,,
,12:00:00 AM,0,0
,1:00:00 AM,0,0
,2:00:00 AM,0,0
,3:00:00 AM,0,0
,4:00:00 AM,0,0
,5:00:00 AM,0,0
,6:00:00 AM,0,0
,7:00:00 AM,0,0
,8:00:00 AM,0,0
,9:00:00 AM,0,0
,10:00:00 AM,0,0
,11:00:00 AM,0,0
,12:00:00 PM,0,0
,1:00:00 PM,0,0
,2:00:00 PM,0,0
,3:00:00 PM,0,0
,4:00:00 PM,0,0
,5:00:00 PM,0,0
,6:00:00 PM,0,0
,7:00:00 PM,0,0
,8:00:00 PM,0,0
,9:00:00 PM,0,0
,10:00:00 PM,0,0
,11:00:00 PM,0,0
03/14/2026,,,
,12:00:00 AM,0,0
,1:00:00 AM,0,0
,2:00:00 AM,0,0
,3:00:00 AM,0,0
,4:00:00 AM,0,0
,5:00:00 AM,0,0
,6:00:00 AM,0,0
,7:00:00 AM,254.32,254.32
,8:00:00 AM,213.8,213.8
,9:00:00 AM,249.08,248.48
,10:00:00 AM,115.41,115.41
,11:00:00 AM,78.86,78.86
,12:00:00 PM,304.96,304.96
,1:00:00 PM,79.15,79.15
,2:00:00 PM,44.98,22.98
,3:00:00 PM,0,0
,4:00:00 PM,1234.48,1234.48
,5:00:00 PM,815.68,815.68
,6:00:00 PM,2276.47,2151.47
,7:00:00 PM,630.82,630.82
,8:00:00 PM,2272.62,2272.62
,9:00:00 PM,1195.84,1195.84
,10:00:00 PM,0,0
,11:00:00 PM,0,0
03/15/2025,,,
,12:00:00 AM,0,0
,1:00:00 AM,0,0
,2:00:00 AM,0,0
,3:00:00 AM,0,0
,4:00:00 AM,0,0
,5:00:00 AM,0,0
,6:00:00 AM,0,0
,7:00:00 AM,0,0
,8:00:00 AM,0,0
,9:00:00 AM,0,0
,10:00:00 AM,0,0
,11:00:00 AM,0,0
,12:00:00 PM,0,0
,1:00:00 PM,0,0
,2:00:00 PM,0,0
,3:00:00 PM,0,0
,4:00:00 PM,0,0
,5:00:00 PM,0,0
,6:00:00 PM,0,0
,7:00:00 PM,0,0
,8:00:00 PM,0,0
,9:00:00 PM,0,0
,10:00:00 PM,0,0
,11:00:00 PM,0,0
03/15/2026,,,
,12:00:00 AM,0,0
,1:00:00 AM,0,0
,2:00:00 AM,0,0
,3:00:00 AM,0,0
,4:00:00 AM,0,0
,5:00:00 AM,0,0
,6:00:00 AM,0,0
,7:00:00 AM,0,0
,8:00:00 AM,0,0
,9:00:00 AM,0,0
,10:00:00 AM,0,0
,11:00:00 AM,0,0
,12:00:00 PM,0,0
,1:00:00 PM,0,0
,2:00:00 PM,0,0
,3:00:00 PM,0,0
,4:00:00 PM,0,0
,5:00:00 PM,0,0
,6:00:00 PM,0,0
,7:00:00 PM,0,0
,8:00:00 PM,0,0
,9:00:00 PM,0,0
,10:00:00 PM,0,0
,11:00:00 PM,0,0
03/16/2025,,,
,12:00:00 AM,0,0
,1:00:00 AM,0,0
,2:00:00 AM,0,0
,3:00:00 AM,0,0
,4:00:00 AM,0,0
,5:00:00 AM,0,0
,6:00:00 AM,0,0
,7:00:00 AM,0,0
,8:00:00 AM,0,0
,9:00:00 AM,0,0
,10:00:00 AM,0,0
,11:00:00 AM,0,0
,12:00:00 PM,0,0
,1:00:00 PM,0,0
,2:00:00 PM,0,0
,3:00:00 PM,0,0
,4:00:00 PM,0,0
,5:00:00 PM,0,0
,6:00:00 PM,0,0
,7:00:00 PM,0,0
,8:00:00 PM,0,0
,9:00:00 PM,0,0
,10:00:00 PM,0,0
,11:00:00 PM,0,0
03/16/2026,,,
,12:00:00 AM,0,0
,1:00:00 AM,0,0
,2:00:00 AM,0,0
,3:00:00 AM,0,0
,4:00:00 AM,0,0
,5:00:00 AM,0,0
,6:00:00 AM,0,0
,7:00:00 AM,0,0
,8:00:00 AM,0,0
,9:00:00 AM,0,0
,10:00:00 AM,0,0
,11:00:00 AM,0,0
,12:00:00 PM,0,0
,1:00:00 PM,0,0
,2:00:00 PM,0,0
,3:00:00 PM,0,0
,4:00:00 PM,0,0
,5:00:00 PM,0,0
,6:00:00 PM,0,0
,7:00:00 PM,0,0
,8:00:00 PM,0,0
,9:00:00 PM,0,0
,10:00:00 PM,0,0
,11:00:00 PM,0,0
03/17/2025,,,
,12:00:00 AM,0,0
,1:00:00 AM,0,0
,2:00:00 AM,0,0
,3:00:00 AM,0,0
,4:00:00 AM,0,0
,5:00:00 AM,0,0
,6:00:00 AM,0,0
,7:00:00 AM,0,0
,8:00:00 AM,0,0
,9:00:00 AM,0,0
,10:00:00 AM,0,0
,11:00:00 AM,0,0
,12:00:00 PM,0,0
,1:00:00 PM,0,0
,2:00:00 PM,0,0
,3:00:00 PM,0,0
,4:00:00 PM,0,0
,5:00:00 PM,0,0
,6:00:00 PM,0,0
,7:00:00 PM,0,0
,8:00:00 PM,0,0
,9:00:00 PM,0,0
,10:00:00 PM,0,0
,11:00:00 PM,0,0
03/17/2026,,,
,12:00:00 AM,0,0
,1:00:00 AM,0,0
,2:00:00 AM,0,0
,3:00:00 AM,0,0
,4:00:00 AM,0,0
,5:00:00 AM,0,0
,6:00:00 AM,0,0
,7:00:00 AM,109.08,106.68
,8:00:00 AM,90.84,90.24
,9:00:00 AM,0,0
,10:00:00 AM,191.98,187.68
,11:00:00 AM,388.61,386.11
,12:00:00 PM,66.84,66.84
,1:00:00 PM,0,0
,2:00:00 PM,0,0
,3:00:00 PM,0,0
,4:00:00 PM,0,0
,5:00:00 PM,0,0
,6:00:00 PM,0,0
,7:00:00 PM,0,0
,8:00:00 PM,0,0
,9:00:00 PM,0,0
,10:00:00 PM,0,0
,11:00:00 PM,0,0
03/18/2025,,,
,12:00:00 AM,0,0
,1:00:00 AM,0,0
,2:00:00 AM,0,0
,3:00:00 AM,0,0
,4:00:00 AM,0,0
,5:00:00 AM,0,0
,6:00:00 AM,0,0
,7:00:00 AM,0,0
,8:00:00 AM,0,0
,9:00:00 AM,0,0
,10:00:00 AM,0,0
,11:00:00 AM,0,0
,12:00:00 PM,0,0
,1:00:00 PM,0,0
,2:00:00 PM,0,0
,3:00:00 PM,0,0
,4:00:00 PM,0,0
,5:00:00 PM,0,0
,6:00:00 PM,0,0
,7:00:00 PM,0,0
,8:00:00 PM,0,0
,9:00:00 PM,0,0
,10:00:00 PM,0,0
,11:00:00 PM,0,0
03/18/2026,,,
,12:00:00 AM,0,0
,1:00:00 AM,0,0
,2:00:00 AM,0,0
,3:00:00 AM,0,0
,4:00:00 AM,0,0
,5:00:00 AM,0,0
,6:00:00 AM,0,0
,7:00:00 AM,16.71,16.71
,8:00:00 AM,111.69,110.39
,9:00:00 AM,105.48,105.48
,10:00:00 AM,13.58,13.58
,11:00:00 AM,205.23,205.23
,12:00:00 PM,306.54,306.54
,1:00:00 PM,157.02,153.22
,2:00:00 PM,0,0
,3:00:00 PM,0,0
,4:00:00 PM,410.45,410.45
,5:00:00 PM,1098.71,1098.71
,6:00:00 PM,1472.72,1472.72
,7:00:00 PM,1425.61,1425.61
,8:00:00 PM,1917.52,1917.52
,9:00:00 PM,507.58,507.58
,10:00:00 PM,0,0
,11:00:00 PM,0,0
03/19/2025,,,
,12:00:00 AM,0,0
,1:00:00 AM,0,0
,2:00:00 AM,0,0
,3:00:00 AM,0,0
,4:00:00 AM,0,0
,5:00:00 AM,0,0
,6:00:00 AM,0,0
,7:00:00 AM,0,0
,8:00:00 AM,0,0
,9:00:00 AM,0,0
,10:00:00 AM,0,0
,11:00:00 AM,0,0
,12:00:00 PM,0,0
,1:00:00 PM,0,0
,2:00:00 PM,0,0
,3:00:00 PM,0,0
,4:00:00 PM,0,0
,5:00:00 PM,0,0
,6:00:00 PM,0,0
,7:00:00 PM,0,0
,8:00:00 PM,0,0
,9:00:00 PM,0,0
,10:00:00 PM,0,0
,11:00:00 PM,0,0
03/19/2026,,,
,12:00:00 AM,0,0
,1:00:00 AM,0,0
,2:00:00 AM,0,0
,3:00:00 AM,0,0
,4:00:00 AM,0,0
,5:00:00 AM,0,0
,6:00:00 AM,0,0
,7:00:00 AM,59.01,59.01
,8:00:00 AM,28.2,28.2
,9:00:00 AM,452.7,452
,10:00:00 AM,103.71,101.71
,11:00:00 AM,228.05,224.85
,12:00:00 PM,321.15,321.15
,1:00:00 PM,63.7,63.7
,2:00:00 PM,43.55,36.55
,3:00:00 PM,0,0
,4:00:00 PM,432.38,432.38
,5:00:00 PM,1194.8,1194.8
,6:00:00 PM,1908.11,1908.11
,7:00:00 PM,1298.18,1298.18
,8:00:00 PM,1227.68,1215.68
,9:00:00 PM,2125.51,2125.51
,10:00:00 PM,0,0
,11:00:00 PM,0,0
03/20/2025,,,
,12:00:00 AM,0,0
,1:00:00 AM,0,0
,2:00:00 AM,0,0
,3:00:00 AM,0,0
,4:00:00 AM,0,0
,5:00:00 AM,0,0
,6:00:00 AM,0,0
,7:00:00 AM,0,0
,8:00:00 AM,0,0
,9:00:00 AM,0,0
,10:00:00 AM,0,0
,11:00:00 AM,0,0
,12:00:00 PM,0,0
,1:00:00 PM,0,0
,2:00:00 PM,0,0
,3:00:00 PM,0,0
,4:00:00 PM,0,0
,5:00:00 PM,0,0
,6:00:00 PM,0,0
,7:00:00 PM,0,0
,8:00:00 PM,0,0
,9:00:00 PM,0,0
,10:00:00 PM,0,0
,11:00:00 PM,0,0
03/20/2026,,,
,12:00:00 AM,0,0
,1:00:00 AM,0,0
,2:00:00 AM,0,0
,3:00:00 AM,0,0
,4:00:00 AM,0,0
,5:00:00 AM,0,0
,6:00:00 AM,0,0
,7:00:00 AM,158.75,158.75
,8:00:00 AM,140.98,139.48
,9:00:00 AM,276.46,245.71
,10:00:00 AM,359.18,357.18
,11:00:00 AM,157.91,156.01
,12:00:00 PM,197.38,197.38
,1:00:00 PM,402.09,402.09
,2:00:00 PM,26.11,26.11
,3:00:00 PM,0,0
,4:00:00 PM,1235.52,1235.52
,5:00:00 PM,768.68,768.68
,6:00:00 PM,1994.79,1994.79
,7:00:00 PM,1507.08,1507.08
,8:00:00 PM,2391.78,2391.78
,9:00:00 PM,603.67,603.67
,10:00:00 PM,0,0
,11:00:00 PM,0,0
03/21/2025,,,
,12:00:00 AM,0,0
,1:00:00 AM,0,0
,2:00:00 AM,0,0
,3:00:00 AM,0,0
,4:00:00 AM,0,0
,5:00:00 AM,0,0
,6:00:00 AM,0,0
,7:00:00 AM,0,0
,8:00:00 AM,0,0
,9:00:00 AM,0,0
,10:00:00 AM,0,0
,11:00:00 AM,0,0
,12:00:00 PM,0,0
,1:00:00 PM,0,0
,2:00:00 PM,0,0
,3:00:00 PM,0,0
,4:00:00 PM,0,0
,5:00:00 PM,0,0
,6:00:00 PM,0,0
,7:00:00 PM,0,0
,8:00:00 PM,0,0
,9:00:00 PM,0,0
,10:00:00 PM,0,0
,11:00:00 PM,0,0
03/21/2026,,,
,12:00:00 AM,0,0
,1:00:00 AM,0,0
,2:00:00 AM,0,0
,3:00:00 AM,0,0
,4:00:00 AM,0,0
,5:00:00 AM,0,0
,6:00:00 AM,0,0
,7:00:00 AM,26.6,25.85
,8:00:00 AM,40.73,40.73
,9:00:00 AM,225.42,216.12
,10:00:00 AM,636.07,628.67
,11:00:00 AM,221.09,214.09
,12:00:00 PM,287.93,280.73
,1:00:00 PM,527.92,527.37
,2:00:00 PM,0,0
,3:00:00 PM,0,0
,4:00:00 PM,0,0
,5:00:00 PM,0,0
,6:00:00 PM,0,0
,7:00:00 PM,0,0
,8:00:00 PM,0,0
,9:00:00 PM,0,0
,10:00:00 PM,0,0
03/22/2025,,,
,12:00:00 AM,0,0
,1:00:00 AM,0,0
,2:00:00 AM,0,0
,3:00:00 AM,0,0
,4:00:00 AM,0,0
,5:00:00 AM,0,0
,6:00:00 AM,0,0
,7:00:00 AM,0,0
,8:00:00 AM,0,0
,9:00:00 AM,0,0
,10:00:00 AM,0,0
,11:00:00 AM,0,0
,12:00:00 PM,0,0
,1:00:00 PM,0,0
,2:00:00 PM,0,0
,3:00:00 PM,0,0
,4:00:00 PM,0,0
,5:00:00 PM,0,0
,6:00:00 PM,0,0
,7:00:00 PM,0,0
,8:00:00 PM,0,0
,9:00:00 PM,0,0
,10:00:00 PM,0,0
,11:00:00 PM,0,0
03/23/2025,,,
,12:00:00 AM,0,0
,1:00:00 AM,0,0
,2:00:00 AM,0,0
,3:00:00 AM,0,0
,4:00:00 AM,0,0
,5:00:00 AM,0,0
,6:00:00 AM,0,0
,7:00:00 AM,0,0
,8:00:00 AM,0,0
,9:00:00 AM,0,0
,10:00:00 AM,0,0
,11:00:00 AM,0,0
,12:00:00 PM,0,0
,1:00:00 PM,0,0
,2:00:00 PM,0,0
,3:00:00 PM,0,0
,4:00:00 PM,0,0
,5:00:00 PM,0,0
,6:00:00 PM,0,0
,7:00:00 PM,0,0
,8:00:00 PM,0,0
,9:00:00 PM,0,0
,10:00:00 PM,0,0
,11:00:00 PM,0,0
03/24/2025,,,
,12:00:00 AM,0,0
,1:00:00 AM,0,0
,2:00:00 AM,0,0
,3:00:00 AM,0,0
,4:00:00 AM,0,0
,5:00:00 AM,0,0
,6:00:00 AM,0,0
,7:00:00 AM,0,0
,8:00:00 AM,0,0
,9:00:00 AM,0,0
,10:00:00 AM,0,0
,11:00:00 AM,0,0
,12:00:00 PM,0,0
,1:00:00 PM,0,0
,2:00:00 PM,0,0
,3:00:00 PM,0,0
,4:00:00 PM,0,0
,5:00:00 PM,0,0
,6:00:00 PM,0,0
,7:00:00 PM,0,0
,8:00:00 PM,0,0
,9:00:00 PM,0,0
,10:00:00 PM,0,0
,11:00:00 PM,0,0
03/25/2025,,,
,12:00:00 AM,0,0
,1:00:00 AM,0,0
,2:00:00 AM,0,0
,3:00:00 AM,0,0
,4:00:00 AM,0,0
,5:00:00 AM,0,0
,6:00:00 AM,0,0
,7:00:00 AM,0,0
,8:00:00 AM,0,0
,9:00:00 AM,0,0
,10:00:00 AM,0,0
,11:00:00 AM,0,0
,12:00:00 PM,0,0
,1:00:00 PM,0,0
,2:00:00 PM,0,0
,3:00:00 PM,0,0
,4:00:00 PM,0,0
,5:00:00 PM,0,0
,6:00:00 PM,0,0
,7:00:00 PM,0,0
,8:00:00 PM,0,0
,9:00:00 PM,0,0
,10:00:00 PM,0,0
,11:00:00 PM,0,0
03/26/2025,,,
,12:00:00 AM,0,0
,1:00:00 AM,0,0
,2:00:00 AM,0,0
,3:00:00 AM,0,0
,4:00:00 AM,0,0
,5:00:00 AM,0,0
,6:00:00 AM,0,0
,7:00:00 AM,0,0
,8:00:00 AM,0,0
,9:00:00 AM,0,0
,10:00:00 AM,0,0
,11:00:00 AM,0,0
,12:00:00 PM,0,0
,1:00:00 PM,0,0
,2:00:00 PM,0,0
,3:00:00 PM,0,0
,4:00:00 PM,0,0
,5:00:00 PM,0,0
,6:00:00 PM,0,0
,7:00:00 PM,0,0
,8:00:00 PM,0,0
,9:00:00 PM,0,0
,10:00:00 PM,0,0
,11:00:00 PM,0,0
03/27/2025,,,
,12:00:00 AM,0,0
,1:00:00 AM,0,0
,2:00:00 AM,0,0
,3:00:00 AM,0,0
,4:00:00 AM,0,0
,5:00:00 AM,0,0
,6:00:00 AM,0,0
,7:00:00 AM,0,0
,8:00:00 AM,0,0
,9:00:00 AM,0,0
,10:00:00 AM,0,0
,11:00:00 AM,0,0
,12:00:00 PM,0,0
,1:00:00 PM,0,0
,2:00:00 PM,0,0
,3:00:00 PM,0,0
,4:00:00 PM,0,0
,5:00:00 PM,0,0
,6:00:00 PM,0,0
,7:00:00 PM,0,0
,8:00:00 PM,0,0
,9:00:00 PM,0,0
,10:00:00 PM,0,0
,11:00:00 PM,0,0
03/28/2025,,,
,12:00:00 AM,0,0
,1:00:00 AM,0,0
,2:00:00 AM,0,0
,3:00:00 AM,0,0
,4:00:00 AM,0,0
,5:00:00 AM,0,0
,6:00:00 AM,0,0
,7:00:00 AM,0,0
,8:00:00 AM,0,0
,9:00:00 AM,0,0
,10:00:00 AM,0,0
,11:00:00 AM,0,0
,12:00:00 PM,0,0
,1:00:00 PM,0,0
,2:00:00 PM,0,0
,3:00:00 PM,0,0
,4:00:00 PM,0,0
,5:00:00 PM,0,0
,6:00:00 PM,0,0
,7:00:00 PM,0,0
,8:00:00 PM,0,0
,9:00:00 PM,0,0
,10:00:00 PM,0,0
,11:00:00 PM,0,0
03/29/2025,,,
,12:00:00 AM,0,0
,1:00:00 AM,0,0
,2:00:00 AM,0,0
,3:00:00 AM,0,0
,4:00:00 AM,0,0
,5:00:00 AM,0,0
,6:00:00 AM,0,0
,7:00:00 AM,0,0
,8:00:00 AM,0,0
,9:00:00 AM,0,0
,10:00:00 AM,0,0
,11:00:00 AM,0,0
,12:00:00 PM,0,0
,1:00:00 PM,0,0
,2:00:00 PM,0,0
,3:00:00 PM,0,0
,4:00:00 PM,0,0
,5:00:00 PM,0,0
,6:00:00 PM,0,0
,7:00:00 PM,0,0
,8:00:00 PM,0,0
,9:00:00 PM,0,0
,10:00:00 PM,0,0
,11:00:00 PM,0,0
03/30/2025,,,
,12:00:00 AM,0,0
,1:00:00 AM,0,0
,2:00:00 AM,0,0
,3:00:00 AM,0,0
,4:00:00 AM,0,0
,5:00:00 AM,0,0
,6:00:00 AM,0,0
,7:00:00 AM,0,0
,8:00:00 AM,0,0
,9:00:00 AM,0,0
,10:00:00 AM,0,0
,11:00:00 AM,0,0
,12:00:00 PM,0,0
,1:00:00 PM,0,0
,2:00:00 PM,0,0
,3:00:00 PM,0,0
,4:00:00 PM,0,0
,5:00:00 PM,0,0
,6:00:00 PM,0,0
,7:00:00 PM,0,0
,8:00:00 PM,0,0
,9:00:00 PM,0,0
,10:00:00 PM,0,0
,11:00:00 PM,0,0
03/31/2025,,,
,12:00:00 AM,0,0
,1:00:00 AM,0,0
,2:00:00 AM,0,0
,3:00:00 AM,0,0
,4:00:00 AM,0,0
,5:00:00 AM,0,0
,6:00:00 AM,0,0
,7:00:00 AM,0,0
,8:00:00 AM,0,0
,9:00:00 AM,0,0
,10:00:00 AM,0,0
,11:00:00 AM,0,0
,12:00:00 PM,0,0
,1:00:00 PM,0,0
,2:00:00 PM,0,0
,3:00:00 PM,0,0
,4:00:00 PM,0,0
,5:00:00 PM,0,0
,6:00:00 PM,0,0
,7:00:00 PM,0,0
,8:00:00 PM,0,0
,9:00:00 PM,0,0
,10:00:00 PM,0,0
,11:00:00 PM,0,0
04/01/2025,,,
,12:00:00 AM,0,0
,1:00:00 AM,0,0
,2:00:00 AM,0,0
,3:00:00 AM,0,0
,4:00:00 AM,0,0
,5:00:00 AM,0,0
,6:00:00 AM,0,0
,7:00:00 AM,0,0
,8:00:00 AM,0,0
,9:00:00 AM,0,0
,10:00:00 AM,0,0
,11:00:00 AM,0,0
,12:00:00 PM,0,0
,1:00:00 PM,0,0
,2:00:00 PM,0,0
,3:00:00 PM,0,0
,4:00:00 PM,0,0
,5:00:00 PM,0,0
,6:00:00 PM,0,0
,7:00:00 PM,0,0
,8:00:00 PM,0,0
,9:00:00 PM,0,0
,10:00:00 PM,0,0
,11:00:00 PM,0,0
04/02/2025,,,
,12:00:00 AM,0,0
,1:00:00 AM,0,0
,2:00:00 AM,0,0
,3:00:00 AM,0,0
,4:00:00 AM,0,0
,5:00:00 AM,0,0
,6:00:00 AM,0,0
,7:00:00 AM,0,0
,8:00:00 AM,0,0
,9:00:00 AM,0,0
,10:00:00 AM,0,0
,11:00:00 AM,0,0
,12:00:00 PM,0,0
,1:00:00 PM,0,0
,2:00:00 PM,0,0
,3:00:00 PM,0,0
,4:00:00 PM,0,0
,5:00:00 PM,0,0
,6:00:00 PM,0,0
,7:00:00 PM,0,0
,8:00:00 PM,0,0
,9:00:00 PM,0,0
,10:00:00 PM,0,0
,11:00:00 PM,0,0
04/03/2025,,,
,12:00:00 AM,0,0
,1:00:00 AM,0,0
,2:00:00 AM,0,0
,3:00:00 AM,0,0
,4:00:00 AM,0,0
,5:00:00 AM,0,0
,6:00:00 AM,0,0
,7:00:00 AM,0,0
,8:00:00 AM,0,0
,9:00:00 AM,0,0
,10:00:00 AM,0,0
,11:00:00 AM,0,0
,12:00:00 PM,0,0
,1:00:00 PM,0,0
,2:00:00 PM,0,0
,3:00:00 PM,0,0
,4:00:00 PM,0,0
,5:00:00 PM,0,0
,6:00:00 PM,0,0
,7:00:00 PM,0,0
,8:00:00 PM,0,0
,9:00:00 PM,0,0
,10:00:00 PM,0,0
,11:00:00 PM,0,0
04/04/2025,,,
,12:00:00 AM,0,0
,1:00:00 AM,0,0
,2:00:00 AM,0,0
,3:00:00 AM,0,0
,4:00:00 AM,0,0
,5:00:00 AM,0,0
,6:00:00 AM,0,0
,7:00:00 AM,0,0
,8:00:00 AM,0,0
,9:00:00 AM,0,0
,10:00:00 AM,0,0
,11:00:00 AM,0,0
,12:00:00 PM,0,0
,1:00:00 PM,0,0
,2:00:00 PM,0,0
,3:00:00 PM,0,0
,4:00:00 PM,0,0
,5:00:00 PM,0,0
,6:00:00 PM,0,0
,7:00:00 PM,0,0
,8:00:00 PM,0,0
,9:00:00 PM,0,0
,10:00:00 PM,0,0
,11:00:00 PM,0,0
04/05/2025,,,
,12:00:00 AM,0,0
,1:00:00 AM,0,0
,2:00:00 AM,0,0
,3:00:00 AM,0,0
,4:00:00 AM,0,0
,5:00:00 AM,0,0
,6:00:00 AM,0,0
,7:00:00 AM,0,0
,8:00:00 AM,0,0
,9:00:00 AM,0,0
,10:00:00 AM,0,0
,11:00:00 AM,0,0
,12:00:00 PM,0,0
,1:00:00 PM,0,0
,2:00:00 PM,0,0
,3:00:00 PM,0,0
,4:00:00 PM,0,0
,5:00:00 PM,0,0
,6:00:00 PM,0,0
,7:00:00 PM,0,0
,8:00:00 PM,0,0
,9:00:00 PM,0,0
,10:00:00 PM,0,0
,11:00:00 PM,0,0
04/06/2025,,,
,12:00:00 AM,0,0
,1:00:00 AM,0,0
,2:00:00 AM,0,0
,3:00:00 AM,0,0
,4:00:00 AM,0,0
,5:00:00 AM,0,0
,6:00:00 AM,0,0
,7:00:00 AM,0,0
,8:00:00 AM,0,0
,9:00:00 AM,0,0
,10:00:00 AM,0,0
,11:00:00 AM,0,0
,12:00:00 PM,0,0
,1:00:00 PM,0,0
,2:00:00 PM,0,0
,3:00:00 PM,0,0
,4:00:00 PM,0,0
,5:00:00 PM,0,0
,6:00:00 PM,0,0
,7:00:00 PM,0,0
,8:00:00 PM,0,0
,9:00:00 PM,0,0
,10:00:00 PM,0,0
,11:00:00 PM,0,0
04/07/2025,,,
,12:00:00 AM,0,0
,1:00:00 AM,0,0
,2:00:00 AM,0,0
,3:00:00 AM,0,0
,4:00:00 AM,0,0
,5:00:00 AM,0,0
,6:00:00 AM,0,0
,7:00:00 AM,0,0
,8:00:00 AM,0,0
,9:00:00 AM,0,0
,10:00:00 AM,0,0
,11:00:00 AM,0,0
,12:00:00 PM,0,0
,1:00:00 PM,0,0
,2:00:00 PM,0,0
,3:00:00 PM,0,0
,4:00:00 PM,0,0
,5:00:00 PM,0,0
,6:00:00 PM,0,0
,7:00:00 PM,0,0
,8:00:00 PM,0,0
,9:00:00 PM,0,0
,10:00:00 PM,0,0
,11:00:00 PM,0,0
04/08/2025,,,
,12:00:00 AM,0,0
,1:00:00 AM,0,0
,2:00:00 AM,0,0
,3:00:00 AM,0,0
,4:00:00 AM,0,0
,5:00:00 AM,0,0
,6:00:00 AM,0,0
,7:00:00 AM,0,0
,8:00:00 AM,0,0
,9:00:00 AM,0,0
,10:00:00 AM,0,0
,11:00:00 AM,0,0
,12:00:00 PM,0,0
,1:00:00 PM,0,0
,2:00:00 PM,0,0
,3:00:00 PM,0,0
,4:00:00 PM,0,0
,5:00:00 PM,0,0
,6:00:00 PM,0,0
,7:00:00 PM,0,0
,8:00:00 PM,0,0
,9:00:00 PM,0,0
,10:00:00 PM,0,0
,11:00:00 PM,0,0
04/09/2025,,,
,12:00:00 AM,0,0
,1:00:00 AM,0,0
,2:00:00 AM,0,0
,3:00:00 AM,0,0
,4:00:00 AM,0,0
,5:00:00 AM,0,0
,6:00:00 AM,0,0
,7:00:00 AM,0,0
,8:00:00 AM,0,0
,9:00:00 AM,0,0
,10:00:00 AM,0,0
,11:00:00 AM,0,0
,12:00:00 PM,0,0
,1:00:00 PM,0,0
,2:00:00 PM,0,0
,3:00:00 PM,0,0
,4:00:00 PM,0,0
,5:00:00 PM,0,0
,6:00:00 PM,0,0
,7:00:00 PM,0,0
,8:00:00 PM,0,0
,9:00:00 PM,0,0
,10:00:00 PM,0,0
,11:00:00 PM,0,0
04/10/2025,,,
,12:00:00 AM,0,0
,1:00:00 AM,0,0
,2:00:00 AM,0,0
,3:00:00 AM,0,0
,4:00:00 AM,0,0
,5:00:00 AM,0,0
,6:00:00 AM,0,0
,7:00:00 AM,0,0
,8:00:00 AM,0,0
,9:00:00 AM,0,0
,10:00:00 AM,0,0
,11:00:00 AM,0,0
,12:00:00 PM,0,0
,1:00:00 PM,0,0
,2:00:00 PM,0,0
,3:00:00 PM,0,0
,4:00:00 PM,0,0
,5:00:00 PM,0,0
,6:00:00 PM,0,0
,7:00:00 PM,0,0
,8:00:00 PM,0,0
,9:00:00 PM,0,0
,10:00:00 PM,0,0
,11:00:00 PM,0,0
04/11/2025,,,
,12:00:00 AM,0,0
,1:00:00 AM,0,0
,2:00:00 AM,0,0
,3:00:00 AM,0,0
,4:00:00 AM,0,0
,5:00:00 AM,0,0
,6:00:00 AM,0,0
,7:00:00 AM,0,0
,8:00:00 AM,0,0
,9:00:00 AM,0,0
,10:00:00 AM,0,0
,11:00:00 AM,0,0
,12:00:00 PM,0,0
,1:00:00 PM,0,0
,2:00:00 PM,0,0
,3:00:00 PM,0,0
,4:00:00 PM,0,0
,5:00:00 PM,0,0
,6:00:00 PM,0,0
,7:00:00 PM,0,0
,8:00:00 PM,0,0
,9:00:00 PM,0,0
,10:00:00 PM,0,0
,11:00:00 PM,0,0
04/12/2025,,,
,12:00:00 AM,0,0
,1:00:00 AM,0,0
,2:00:00 AM,0,0
,3:00:00 AM,0,0
,4:00:00 AM,0,0
,5:00:00 AM,0,0
,6:00:00 AM,0,0
,7:00:00 AM,0,0
,8:00:00 AM,0,0
,9:00:00 AM,0,0
,10:00:00 AM,0,0
,11:00:00 AM,0,0
,12:00:00 PM,0,0
,1:00:00 PM,0,0
,2:00:00 PM,0,0
,3:00:00 PM,0,0
,4:00:00 PM,0,0
,5:00:00 PM,0,0
,6:00:00 PM,0,0
,7:00:00 PM,0,0
,8:00:00 PM,0,0
,9:00:00 PM,0,0
,10:00:00 PM,0,0
,11:00:00 PM,0,0
04/13/2025,,,
,12:00:00 AM,0,0
,1:00:00 AM,0,0
,2:00:00 AM,0,0
,3:00:00 AM,0,0
,4:00:00 AM,0,0
,5:00:00 AM,0,0
,6:00:00 AM,0,0
,7:00:00 AM,0,0
,8:00:00 AM,0,0
,9:00:00 AM,0,0
,10:00:00 AM,0,0
,11:00:00 AM,0,0
,12:00:00 PM,0,0
,1:00:00 PM,0,0
,2:00:00 PM,0,0
,3:00:00 PM,0,0
,4:00:00 PM,0,0
,5:00:00 PM,0,0
,6:00:00 PM,0,0
,7:00:00 PM,0,0
,8:00:00 PM,0,0
,9:00:00 PM,0,0
,10:00:00 PM,0,0
,11:00:00 PM,0,0
04/14/2025,,,
,12:00:00 AM,0,0
,1:00:00 AM,0,0
,2:00:00 AM,0,0
,3:00:00 AM,0,0
,4:00:00 AM,0,0
,5:00:00 AM,0,0
,6:00:00 AM,0,0
,7:00:00 AM,0,0
,8:00:00 AM,0,0
,9:00:00 AM,0,0
,10:00:00 AM,0,0
,11:00:00 AM,0,0
,12:00:00 PM,0,0
,1:00:00 PM,0,0
,2:00:00 PM,0,0
,3:00:00 PM,0,0
,4:00:00 PM,0,0
,5:00:00 PM,0,0
,6:00:00 PM,0,0
,7:00:00 PM,0,0
,8:00:00 PM,0,0
,9:00:00 PM,0,0
,10:00:00 PM,0,0
,11:00:00 PM,0,0
04/15/2025,,,
,12:00:00 AM,0,0
,1:00:00 AM,0,0
,2:00:00 AM,0,0
,3:00:00 AM,0,0
,4:00:00 AM,0,0
,5:00:00 AM,0,0
,6:00:00 AM,0,0
,7:00:00 AM,0,0
,8:00:00 AM,0,0
,9:00:00 AM,0,0
,10:00:00 AM,0,0
,11:00:00 AM,0,0
,12:00:00 PM,0,0
,1:00:00 PM,0,0
,2:00:00 PM,0,0
,3:00:00 PM,0,0
,4:00:00 PM,0,0
,5:00:00 PM,0,0
,6:00:00 PM,0,0
,7:00:00 PM,0,0
,8:00:00 PM,0,0
,9:00:00 PM,0,0
,10:00:00 PM,0,0
,11:00:00 PM,0,0
04/16/2025,,,
,12:00:00 AM,0,0
,1:00:00 AM,0,0
,2:00:00 AM,0,0
,3:00:00 AM,0,0
,4:00:00 AM,0,0
,5:00:00 AM,0,0
,6:00:00 AM,0,0
,7:00:00 AM,0,0
,8:00:00 AM,0,0
,9:00:00 AM,0,0
,10:00:00 AM,0,0
,11:00:00 AM,0,0
,12:00:00 PM,0,0
,1:00:00 PM,0,0
,2:00:00 PM,0,0
,3:00:00 PM,0,0
,4:00:00 PM,0,0
,5:00:00 PM,0,0
,6:00:00 PM,0,0
,7:00:00 PM,0,0
,8:00:00 PM,0,0
,9:00:00 PM,0,0
,10:00:00 PM,0,0
,11:00:00 PM,0,0
04/17/2025,,,
,12:00:00 AM,0,0
,1:00:00 AM,0,0
,2:00:00 AM,0,0
,3:00:00 AM,0,0
,4:00:00 AM,0,0
,5:00:00 AM,0,0
,6:00:00 AM,0,0
,7:00:00 AM,0,0
,8:00:00 AM,0,0
,9:00:00 AM,0,0
,10:00:00 AM,0,0
,11:00:00 AM,0,0
,12:00:00 PM,0,0
,1:00:00 PM,0,0
,2:00:00 PM,0,0
,3:00:00 PM,0,0
,4:00:00 PM,0,0
,5:00:00 PM,0,0
,6:00:00 PM,0,0
,7:00:00 PM,0,0
,8:00:00 PM,0,0
,9:00:00 PM,0,0
,10:00:00 PM,0,0
,11:00:00 PM,0,0
04/18/2025,,,
,12:00:00 AM,0,0
,1:00:00 AM,0,0
,2:00:00 AM,0,0
,3:00:00 AM,0,0
,4:00:00 AM,0,0
,5:00:00 AM,0,0
,6:00:00 AM,0,0
,7:00:00 AM,0,0
,8:00:00 AM,0,0
,9:00:00 AM,0,0
,10:00:00 AM,0,0
,11:00:00 AM,0,0
,12:00:00 PM,0,0
,1:00:00 PM,0,0
,2:00:00 PM,0,0
,3:00:00 PM,0,0
,4:00:00 PM,0,0
,5:00:00 PM,0,0
,6:00:00 PM,0,0
,7:00:00 PM,0,0
,8:00:00 PM,0,0
,9:00:00 PM,0,0
,10:00:00 PM,0,0
,11:00:00 PM,0,0
04/19/2025,,,
,12:00:00 AM,0,0
,1:00:00 AM,0,0
,2:00:00 AM,0,0
,3:00:00 AM,0,0
,4:00:00 AM,0,0
,5:00:00 AM,0,0
,6:00:00 AM,0,0
,7:00:00 AM,0,0
,8:00:00 AM,0,0
,9:00:00 AM,0,0
,10:00:00 AM,0,0
,11:00:00 AM,0,0
,12:00:00 PM,0,0
,1:00:00 PM,0,0
,2:00:00 PM,0,0
,3:00:00 PM,0,0
,4:00:00 PM,0,0
,5:00:00 PM,0,0
,6:00:00 PM,0,0
,7:00:00 PM,0,0
,8:00:00 PM,0,0
,9:00:00 PM,0,0
,10:00:00 PM,0,0
,11:00:00 PM,0,0
04/20/2025,,,
,12:00:00 AM,0,0
,1:00:00 AM,0,0
,2:00:00 AM,0,0
,3:00:00 AM,0,0
,4:00:00 AM,0,0
,5:00:00 AM,0,0
,6:00:00 AM,0,0
,7:00:00 AM,0,0
,8:00:00 AM,0,0
,9:00:00 AM,0,0
,10:00:00 AM,0,0
,11:00:00 AM,0,0
,12:00:00 PM,0,0
,1:00:00 PM,0,0
,2:00:00 PM,0,0
,3:00:00 PM,0,0
,4:00:00 PM,0,0
,5:00:00 PM,0,0
,6:00:00 PM,0,0
,7:00:00 PM,0,0
,8:00:00 PM,0,0
,9:00:00 PM,0,0
,10:00:00 PM,0,0
,11:00:00 PM,0,0
04/21/2025,,,
,12:00:00 AM,0,0
,1:00:00 AM,0,0
,2:00:00 AM,0,0
,3:00:00 AM,0,0
,4:00:00 AM,0,0
,5:00:00 AM,0,0
,6:00:00 AM,0,0
,7:00:00 AM,0,0
,8:00:00 AM,0,0
,9:00:00 AM,0,0
,10:00:00 AM,0,0
,11:00:00 AM,0,0
,12:00:00 PM,0,0
,1:00:00 PM,0,0
,2:00:00 PM,0,0
,3:00:00 PM,0,0
,4:00:00 PM,0,0
,5:00:00 PM,0,0
,6:00:00 PM,0,0
,7:00:00 PM,0,0
,8:00:00 PM,0,0
,9:00:00 PM,0,0
,10:00:00 PM,0,0
,11:00:00 PM,0,0
04/22/2025,,,
,12:00:00 AM,0,0
,1:00:00 AM,0,0
,2:00:00 AM,0,0
,3:00:00 AM,0,0
,4:00:00 AM,0,0
,5:00:00 AM,0,0
,6:00:00 AM,0,0
,7:00:00 AM,0,0
,8:00:00 AM,0,0
,9:00:00 AM,0,0
,10:00:00 AM,0,0
,11:00:00 AM,0,0
,12:00:00 PM,0,0
,1:00:00 PM,0,0
,2:00:00 PM,0,0
,3:00:00 PM,0,0
,4:00:00 PM,0,0
,5:00:00 PM,0,0
,6:00:00 PM,0,0
,7:00:00 PM,0,0
,8:00:00 PM,0,0
,9:00:00 PM,0,0
,10:00:00 PM,0,0
,11:00:00 PM,0,0
04/23/2025,,,
,12:00:00 AM,0,0
,1:00:00 AM,0,0
,2:00:00 AM,0,0
,3:00:00 AM,0,0
,4:00:00 AM,0,0
,5:00:00 AM,0,0
,6:00:00 AM,0,0
,7:00:00 AM,0,0
,8:00:00 AM,0,0
,9:00:00 AM,0,0
,10:00:00 AM,0,0
,11:00:00 AM,0,0
,12:00:00 PM,0,0
,1:00:00 PM,0,0
,2:00:00 PM,0,0
,3:00:00 PM,0,0
,4:00:00 PM,0,0
,5:00:00 PM,0,0
,6:00:00 PM,0,0
,7:00:00 PM,0,0
,8:00:00 PM,0,0
,9:00:00 PM,0,0
,10:00:00 PM,0,0
,11:00:00 PM,0,0
04/24/2025,,,
,12:00:00 AM,0,0
,1:00:00 AM,0,0
,2:00:00 AM,0,0
,3:00:00 AM,0,0
,4:00:00 AM,0,0
,5:00:00 AM,0,0
,6:00:00 AM,0,0
,7:00:00 AM,0,0
,8:00:00 AM,0,0
,9:00:00 AM,0,0
,10:00:00 AM,0,0
,11:00:00 AM,0,0
,12:00:00 PM,0,0
,1:00:00 PM,0,0
,2:00:00 PM,0,0
,3:00:00 PM,0,0
,4:00:00 PM,0,0
,5:00:00 PM,0,0
,6:00:00 PM,0,0
,7:00:00 PM,0,0
,8:00:00 PM,0,0
,9:00:00 PM,0,0
,10:00:00 PM,0,0
,11:00:00 PM,0,0
04/25/2025,,,
,12:00:00 AM,0,0
,1:00:00 AM,0,0
,2:00:00 AM,0,0
,3:00:00 AM,0,0
,4:00:00 AM,0,0
,5:00:00 AM,0,0
,6:00:00 AM,0,0
,7:00:00 AM,0,0
,8:00:00 AM,0,0
,9:00:00 AM,0,0
,10:00:00 AM,0,0
,11:00:00 AM,0,0
,12:00:00 PM,0,0
,1:00:00 PM,0,0
,2:00:00 PM,0,0
,3:00:00 PM,0,0
,4:00:00 PM,0,0
,5:00:00 PM,0,0
,6:00:00 PM,0,0
,7:00:00 PM,0,0
,8:00:00 PM,0,0
,9:00:00 PM,0,0
,10:00:00 PM,0,0
,11:00:00 PM,0,0
04/26/2025,,,
,12:00:00 AM,0,0
,1:00:00 AM,0,0
,2:00:00 AM,0,0
,3:00:00 AM,0,0
,4:00:00 AM,0,0
,5:00:00 AM,0,0
,6:00:00 AM,0,0
,7:00:00 AM,0,0
,8:00:00 AM,0,0
,9:00:00 AM,0,0
,10:00:00 AM,0,0
,11:00:00 AM,0,0
,12:00:00 PM,0,0
,1:00:00 PM,0,0
,2:00:00 PM,0,0
,3:00:00 PM,0,0
,4:00:00 PM,0,0
,5:00:00 PM,0,0
,6:00:00 PM,0,0
,7:00:00 PM,0,0
,8:00:00 PM,0,0
,9:00:00 PM,0,0
,10:00:00 PM,0,0
,11:00:00 PM,0,0
04/27/2025,,,
,12:00:00 AM,0,0
,1:00:00 AM,0,0
,2:00:00 AM,0,0
,3:00:00 AM,0,0
,4:00:00 AM,0,0
,5:00:00 AM,0,0
,6:00:00 AM,0,0
,7:00:00 AM,0,0
,8:00:00 AM,0,0
,9:00:00 AM,0,0
,10:00:00 AM,0,0
,11:00:00 AM,0,0
,12:00:00 PM,0,0
,1:00:00 PM,0,0
,2:00:00 PM,0,0
,3:00:00 PM,0,0
,4:00:00 PM,0,0
,5:00:00 PM,0,0
,6:00:00 PM,0,0
,7:00:00 PM,0,0
,8:00:00 PM,0,0
,9:00:00 PM,0,0
,10:00:00 PM,0,0
,11:00:00 PM,0,0
04/28/2025,,,
,12:00:00 AM,0,0
,1:00:00 AM,0,0
,2:00:00 AM,0,0
,3:00:00 AM,0,0
,4:00:00 AM,0,0
,5:00:00 AM,0,0
,6:00:00 AM,0,0
,7:00:00 AM,0,0
,8:00:00 AM,0,0
,9:00:00 AM,0,0
,10:00:00 AM,0,0
,11:00:00 AM,0,0
,12:00:00 PM,0,0
,1:00:00 PM,0,0
,2:00:00 PM,0,0
,3:00:00 PM,0,0
,4:00:00 PM,0,0
,5:00:00 PM,0,0
,6:00:00 PM,0,0
,7:00:00 PM,0,0
,8:00:00 PM,0,0
,9:00:00 PM,0,0
,10:00:00 PM,0,0
,11:00:00 PM,0,0
04/29/2025,,,
,12:00:00 AM,0,0
,1:00:00 AM,0,0
,2:00:00 AM,0,0
,3:00:00 AM,0,0
,4:00:00 AM,0,0
,5:00:00 AM,0,0
,6:00:00 AM,0,0
,7:00:00 AM,0,0
,8:00:00 AM,0,0
,9:00:00 AM,0,0
,10:00:00 AM,0,0
,11:00:00 AM,0,0
,12:00:00 PM,0,0
,1:00:00 PM,0,0
,2:00:00 PM,0,0
,3:00:00 PM,0,0
,4:00:00 PM,0,0
,5:00:00 PM,0,0
,6:00:00 PM,0,0
,7:00:00 PM,0,0
,8:00:00 PM,0,0
,9:00:00 PM,0,0
,10:00:00 PM,0,0
,11:00:00 PM,0,0
04/30/2025,,,
,12:00:00 AM,0,0
,1:00:00 AM,0,0
,2:00:00 AM,0,0
,3:00:00 AM,0,0
,4:00:00 AM,0,0
,5:00:00 AM,0,0
,6:00:00 AM,0,0
,7:00:00 AM,0,0
,8:00:00 AM,0,0
,9:00:00 AM,0,0
,10:00:00 AM,0,0
,11:00:00 AM,0,0
,12:00:00 PM,0,0
,1:00:00 PM,0,0
,2:00:00 PM,0,0
,3:00:00 PM,0,0
,4:00:00 PM,0,0
,5:00:00 PM,0,0
,6:00:00 PM,0,0
,7:00:00 PM,0,0
,8:00:00 PM,0,0
,9:00:00 PM,0,0
,10:00:00 PM,0,0
,11:00:00 PM,0,0
05/01/2025,,,
,12:00:00 AM,0,0
,1:00:00 AM,0,0
,2:00:00 AM,0,0
,3:00:00 AM,0,0
,4:00:00 AM,0,0
,5:00:00 AM,0,0
,6:00:00 AM,0,0
,7:00:00 AM,0,0
,8:00:00 AM,0,0
,9:00:00 AM,0,0
,10:00:00 AM,0,0
,11:00:00 AM,0,0
,12:00:00 PM,0,0
,1:00:00 PM,0,0
,2:00:00 PM,0,0
,3:00:00 PM,0,0
,4:00:00 PM,0,0
,5:00:00 PM,0,0
,6:00:00 PM,0,0
,7:00:00 PM,0,0
,8:00:00 PM,0,0
,9:00:00 PM,0,0
,10:00:00 PM,0,0
,11:00:00 PM,0,0
05/02/2025,,,
,12:00:00 AM,0,0
,1:00:00 AM,0,0
,2:00:00 AM,0,0
,3:00:00 AM,0,0
,4:00:00 AM,0,0
,5:00:00 AM,0,0
,6:00:00 AM,0,0
,7:00:00 AM,0,0
,8:00:00 AM,0,0
,9:00:00 AM,0,0
,10:00:00 AM,0,0
,11:00:00 AM,0,0
,12:00:00 PM,0,0
,1:00:00 PM,0,0
,2:00:00 PM,0,0
,3:00:00 PM,0,0
,4:00:00 PM,0,0
,5:00:00 PM,0,0
,6:00:00 PM,0,0
,7:00:00 PM,0,0
,8:00:00 PM,0,0
,9:00:00 PM,0,0
,10:00:00 PM,0,0
,11:00:00 PM,0,0
05/03/2025,,,
,12:00:00 AM,0,0
,1:00:00 AM,0,0
,2:00:00 AM,0,0
,3:00:00 AM,0,0
,4:00:00 AM,0,0
,5:00:00 AM,0,0
,6:00:00 AM,0,0
,7:00:00 AM,0,0
,8:00:00 AM,0,0
,9:00:00 AM,0,0
,10:00:00 AM,0,0
,11:00:00 AM,0,0
,12:00:00 PM,0,0
,1:00:00 PM,0,0
,2:00:00 PM,0,0
,3:00:00 PM,0,0
,4:00:00 PM,0,0
,5:00:00 PM,0,0
,6:00:00 PM,0,0
,7:00:00 PM,0,0
,8:00:00 PM,0,0
,9:00:00 PM,0,0
,10:00:00 PM,0,0
,11:00:00 PM,0,0
05/04/2025,,,
,12:00:00 AM,0,0
,1:00:00 AM,0,0
,2:00:00 AM,0,0
,3:00:00 AM,0,0
,4:00:00 AM,0,0
,5:00:00 AM,0,0
,6:00:00 AM,0,0
,7:00:00 AM,0,0
,8:00:00 AM,0,0
,9:00:00 AM,0,0
,10:00:00 AM,0,0
,11:00:00 AM,0,0
,12:00:00 PM,0,0
,1:00:00 PM,0,0
,2:00:00 PM,0,0
,3:00:00 PM,0,0
,4:00:00 PM,0,0
,5:00:00 PM,0,0
,6:00:00 PM,0,0
,7:00:00 PM,0,0
,8:00:00 PM,0,0
,9:00:00 PM,0,0
,10:00:00 PM,0,0
,11:00:00 PM,0,0
05/05/2025,,,
,12:00:00 AM,0,0
,1:00:00 AM,0,0
,2:00:00 AM,0,0
,3:00:00 AM,0,0
,4:00:00 AM,0,0
,5:00:00 AM,0,0
,6:00:00 AM,0,0
,7:00:00 AM,0,0
,8:00:00 AM,0,0
,9:00:00 AM,0,0
,10:00:00 AM,0,0
,11:00:00 AM,0,0
,12:00:00 PM,0,0
,1:00:00 PM,0,0
,2:00:00 PM,0,0
,3:00:00 PM,0,0
,4:00:00 PM,0,0
,5:00:00 PM,0,0
,6:00:00 PM,0,0
,7:00:00 PM,0,0
,8:00:00 PM,0,0
,9:00:00 PM,0,0
,10:00:00 PM,0,0
,11:00:00 PM,0,0
05/06/2025,,,
,12:00:00 AM,0,0
,1:00:00 AM,0,0
,2:00:00 AM,0,0
,3:00:00 AM,0,0
,4:00:00 AM,0,0
,5:00:00 AM,0,0
,6:00:00 AM,0,0
,7:00:00 AM,0,0
,8:00:00 AM,0,0
,9:00:00 AM,0,0
,10:00:00 AM,0,0
,11:00:00 AM,0,0
,12:00:00 PM,0,0
,1:00:00 PM,0,0
,2:00:00 PM,0,0
,3:00:00 PM,0,0
,4:00:00 PM,0,0
,5:00:00 PM,0,0
,6:00:00 PM,0,0
,7:00:00 PM,0,0
,8:00:00 PM,0,0
,9:00:00 PM,0,0
,10:00:00 PM,0,0
,11:00:00 PM,0,0
05/07/2025,,,
,12:00:00 AM,0,0
,1:00:00 AM,0,0
,2:00:00 AM,0,0
,3:00:00 AM,0,0
,4:00:00 AM,0,0
,5:00:00 AM,0,0
,6:00:00 AM,0,0
,7:00:00 AM,0,0
,8:00:00 AM,0,0
,9:00:00 AM,0,0
,10:00:00 AM,0,0
,11:00:00 AM,0,0
,12:00:00 PM,0,0
,1:00:00 PM,0,0
,2:00:00 PM,0,0
,3:00:00 PM,0,0
,4:00:00 PM,0,0
,5:00:00 PM,0,0
,6:00:00 PM,0,0
,7:00:00 PM,0,0
,8:00:00 PM,0,0
,9:00:00 PM,0,0
,10:00:00 PM,0,0
,11:00:00 PM,0,0
05/08/2025,,,
,12:00:00 AM,0,0
,1:00:00 AM,0,0
,2:00:00 AM,0,0
,3:00:00 AM,0,0
,4:00:00 AM,0,0
,5:00:00 AM,0,0
,6:00:00 AM,0,0
,7:00:00 AM,0,0
,8:00:00 AM,0,0
,9:00:00 AM,0,0
,10:00:00 AM,0,0
,11:00:00 AM,0,0
,12:00:00 PM,0,0
,1:00:00 PM,0,0
,2:00:00 PM,0,0
,3:00:00 PM,0,0
,4:00:00 PM,0,0
,5:00:00 PM,0,0
,6:00:00 PM,0,0
,7:00:00 PM,0,0
,8:00:00 PM,0,0
,9:00:00 PM,0,0
,10:00:00 PM,0,0
,11:00:00 PM,0,0
05/09/2025,,,
,12:00:00 AM,0,0
,1:00:00 AM,0,0
,2:00:00 AM,0,0
,3:00:00 AM,0,0
,4:00:00 AM,0,0
,5:00:00 AM,0,0
,6:00:00 AM,0,0
,7:00:00 AM,0,0
,8:00:00 AM,0,0
,9:00:00 AM,0,0
,10:00:00 AM,0,0
,11:00:00 AM,0,0
,12:00:00 PM,0,0
,1:00:00 PM,0,0
,2:00:00 PM,0,0
,3:00:00 PM,0,0
,4:00:00 PM,0,0
,5:00:00 PM,0,0
,6:00:00 PM,0,0
,7:00:00 PM,0,0
,8:00:00 PM,0,0
,9:00:00 PM,0,0
,10:00:00 PM,0,0
,11:00:00 PM,0,0
05/10/2025,,,
,12:00:00 AM,0,0
,1:00:00 AM,0,0
,2:00:00 AM,0,0
,3:00:00 AM,0,0
,4:00:00 AM,0,0
,5:00:00 AM,0,0
,6:00:00 AM,0,0
,7:00:00 AM,0,0
,8:00:00 AM,0,0
,9:00:00 AM,0,0
,10:00:00 AM,0,0
,11:00:00 AM,0,0
,12:00:00 PM,0,0
,1:00:00 PM,0,0
,2:00:00 PM,0,0
,3:00:00 PM,0,0
,4:00:00 PM,0,0
,5:00:00 PM,0,0
,6:00:00 PM,0,0
,7:00:00 PM,0,0
,8:00:00 PM,0,0
,9:00:00 PM,0,0
,10:00:00 PM,0,0
,11:00:00 PM,0,0
05/11/2025,,,
,12:00:00 AM,0,0
,1:00:00 AM,0,0
,2:00:00 AM,0,0
,3:00:00 AM,0,0
,4:00:00 AM,0,0
,5:00:00 AM,0,0
,6:00:00 AM,0,0
,7:00:00 AM,0,0
,8:00:00 AM,0,0
,9:00:00 AM,0,0
,10:00:00 AM,0,0
,11:00:00 AM,0,0
,12:00:00 PM,0,0
,1:00:00 PM,0,0
,2:00:00 PM,0,0
,3:00:00 PM,0,0
,4:00:00 PM,0,0
,5:00:00 PM,0,0
,6:00:00 PM,0,0
,7:00:00 PM,0,0
,8:00:00 PM,0,0
,9:00:00 PM,0,0
,10:00:00 PM,0,0
,11:00:00 PM,0,0
05/12/2025,,,
,12:00:00 AM,0,0
,1:00:00 AM,0,0
,2:00:00 AM,0,0
,3:00:00 AM,0,0
,4:00:00 AM,0,0
,5:00:00 AM,0,0
,6:00:00 AM,0,0
,7:00:00 AM,0,0
,8:00:00 AM,0,0
,9:00:00 AM,0,0
,10:00:00 AM,0,0
,11:00:00 AM,0,0
,12:00:00 PM,0,0
,1:00:00 PM,0,0
,2:00:00 PM,0,0
,3:00:00 PM,0,0
,4:00:00 PM,0,0
,5:00:00 PM,0,0
,6:00:00 PM,0,0
,7:00:00 PM,0,0
,8:00:00 PM,0,0
,9:00:00 PM,0,0
,10:00:00 PM,0,0
,11:00:00 PM,0,0
05/13/2025,,,
,12:00:00 AM,0,0
,1:00:00 AM,0,0
,2:00:00 AM,0,0
,3:00:00 AM,0,0
,4:00:00 AM,0,0
,5:00:00 AM,0,0
,6:00:00 AM,0,0
,7:00:00 AM,0,0
,8:00:00 AM,0,0
,9:00:00 AM,0,0
,10:00:00 AM,0,0
,11:00:00 AM,0,0
,12:00:00 PM,0,0
,1:00:00 PM,0,0
,2:00:00 PM,0,0
,3:00:00 PM,0,0
,4:00:00 PM,0,0
,5:00:00 PM,0,0
,6:00:00 PM,0,0
,7:00:00 PM,0,0
,8:00:00 PM,0,0
,9:00:00 PM,0,0
,10:00:00 PM,0,0
,11:00:00 PM,0,0
05/14/2025,,,
,12:00:00 AM,0,0
,1:00:00 AM,0,0
,2:00:00 AM,0,0
,3:00:00 AM,0,0
,4:00:00 AM,0,0
,5:00:00 AM,0,0
,6:00:00 AM,0,0
,7:00:00 AM,0,0
,8:00:00 AM,0,0
,9:00:00 AM,0,0
,10:00:00 AM,0,0
,11:00:00 AM,0,0
,12:00:00 PM,0,0
,1:00:00 PM,0,0
,2:00:00 PM,0,0
,3:00:00 PM,0,0
,4:00:00 PM,0,0
,5:00:00 PM,0,0
,6:00:00 PM,0,0
,7:00:00 PM,0,0
,8:00:00 PM,0,0
,9:00:00 PM,0,0
,10:00:00 PM,0,0
,11:00:00 PM,0,0
05/15/2025,,,
,12:00:00 AM,0,0
,1:00:00 AM,0,0
,2:00:00 AM,0,0
,3:00:00 AM,0,0
,4:00:00 AM,0,0
,5:00:00 AM,0,0
,6:00:00 AM,0,0
,7:00:00 AM,0,0
,8:00:00 AM,0,0
,9:00:00 AM,0,0
,10:00:00 AM,0,0
,11:00:00 AM,0,0
,12:00:00 PM,0,0
,1:00:00 PM,0,0
,2:00:00 PM,0,0
,3:00:00 PM,0,0
,4:00:00 PM,0,0
,5:00:00 PM,0,0
,6:00:00 PM,0,0
,7:00:00 PM,0,0
,8:00:00 PM,0,0
,9:00:00 PM,0,0
,10:00:00 PM,0,0
,11:00:00 PM,0,0
05/16/2025,,,
,12:00:00 AM,0,0
,1:00:00 AM,0,0
,2:00:00 AM,0,0
,3:00:00 AM,0,0
,4:00:00 AM,0,0
,5:00:00 AM,0,0
,6:00:00 AM,0,0
,7:00:00 AM,0,0
,8:00:00 AM,0,0
,9:00:00 AM,0,0
,10:00:00 AM,0,0
,11:00:00 AM,0,0
,12:00:00 PM,0,0
,1:00:00 PM,0,0
,2:00:00 PM,0,0
,3:00:00 PM,0,0
,4:00:00 PM,0,0
,5:00:00 PM,0,0
,6:00:00 PM,0,0
,7:00:00 PM,0,0
,8:00:00 PM,0,0
,9:00:00 PM,0,0
,10:00:00 PM,0,0
,11:00:00 PM,0,0
05/17/2025,,,
,12:00:00 AM,0,0
,1:00:00 AM,0,0
,2:00:00 AM,0,0
,3:00:00 AM,0,0
,4:00:00 AM,0,0
,5:00:00 AM,0,0
,6:00:00 AM,0,0
,7:00:00 AM,0,0
,8:00:00 AM,0,0
,9:00:00 AM,0,0
,10:00:00 AM,0,0
,11:00:00 AM,0,0
,12:00:00 PM,0,0
,1:00:00 PM,0,0
,2:00:00 PM,0,0
,3:00:00 PM,0,0
,4:00:00 PM,0,0
,5:00:00 PM,0,0
,6:00:00 PM,0,0
,7:00:00 PM,0,0
,8:00:00 PM,0,0
,9:00:00 PM,0,0
,10:00:00 PM,0,0
,11:00:00 PM,0,0
05/18/2025,,,
,12:00:00 AM,0,0
,1:00:00 AM,0,0
,2:00:00 AM,0,0
,3:00:00 AM,0,0
,4:00:00 AM,0,0
,5:00:00 AM,0,0
,6:00:00 AM,0,0
,7:00:00 AM,0,0
,8:00:00 AM,0,0
,9:00:00 AM,0,0
,10:00:00 AM,0,0
,11:00:00 AM,0,0
,12:00:00 PM,0,0
,1:00:00 PM,0,0
,2:00:00 PM,0,0
,3:00:00 PM,0,0
,4:00:00 PM,0,0
,5:00:00 PM,0,0
,6:00:00 PM,0,0
,7:00:00 PM,0,0
,8:00:00 PM,0,0
,9:00:00 PM,0,0
,10:00:00 PM,0,0
,11:00:00 PM,0,0
05/19/2025,,,
,12:00:00 AM,0,0
,1:00:00 AM,0,0
,2:00:00 AM,0,0
,3:00:00 AM,0,0
,4:00:00 AM,0,0
,5:00:00 AM,0,0
,6:00:00 AM,0,0
,7:00:00 AM,0,0
,8:00:00 AM,0,0
,9:00:00 AM,0,0
,10:00:00 AM,0,0
,11:00:00 AM,0,0
,12:00:00 PM,0,0
,1:00:00 PM,0,0
,2:00:00 PM,0,0
,3:00:00 PM,0,0
,4:00:00 PM,0,0
,5:00:00 PM,0,0
,6:00:00 PM,0,0
,7:00:00 PM,0,0
,8:00:00 PM,0,0
,9:00:00 PM,0,0
,10:00:00 PM,0,0
,11:00:00 PM,0,0
05/20/2025,,,
,12:00:00 AM,0,0
,1:00:00 AM,0,0
,2:00:00 AM,0,0
,3:00:00 AM,0,0
,4:00:00 AM,0,0
,5:00:00 AM,0,0
,6:00:00 AM,0,0
,7:00:00 AM,0,0
,8:00:00 AM,0,0
,9:00:00 AM,0,0
,10:00:00 AM,0,0
,11:00:00 AM,0,0
,12:00:00 PM,0,0
,1:00:00 PM,0,0
,2:00:00 PM,0,0
,3:00:00 PM,0,0
,4:00:00 PM,0,0
,5:00:00 PM,0,0
,6:00:00 PM,0,0
,7:00:00 PM,0,0
,8:00:00 PM,0,0
,9:00:00 PM,0,0
,10:00:00 PM,0,0
,11:00:00 PM,0,0
05/21/2025,,,
,12:00:00 AM,0,0
,1:00:00 AM,0,0
,2:00:00 AM,0,0
,3:00:00 AM,0,0
,4:00:00 AM,0,0
,5:00:00 AM,0,0
,6:00:00 AM,0,0
,7:00:00 AM,0,0
,8:00:00 AM,0,0
,9:00:00 AM,0,0
,10:00:00 AM,0,0
,11:00:00 AM,0,0
,12:00:00 PM,0,0
,1:00:00 PM,0,0
,2:00:00 PM,0,0
,3:00:00 PM,0,0
,4:00:00 PM,0,0
,5:00:00 PM,0,0
,6:00:00 PM,0,0
,7:00:00 PM,0,0
,8:00:00 PM,0,0
,9:00:00 PM,0,0
,10:00:00 PM,0,0
,11:00:00 PM,0,0
05/22/2025,,,
,12:00:00 AM,0,0
,1:00:00 AM,0,0
,2:00:00 AM,0,0
,3:00:00 AM,0,0
,4:00:00 AM,0,0
,5:00:00 AM,0,0
,6:00:00 AM,0,0
,7:00:00 AM,0,0
,8:00:00 AM,0,0
,9:00:00 AM,0,0
,10:00:00 AM,0,0
,11:00:00 AM,0,0
,12:00:00 PM,0,0
,1:00:00 PM,0,0
,2:00:00 PM,0,0
,3:00:00 PM,0,0
,4:00:00 PM,0,0
,5:00:00 PM,0,0
,6:00:00 PM,0,0
,7:00:00 PM,0,0
,8:00:00 PM,0,0
,9:00:00 PM,0,0
,10:00:00 PM,0,0
,11:00:00 PM,0,0
05/23/2025,,,
,12:00:00 AM,0,0
,1:00:00 AM,0,0
,2:00:00 AM,0,0
,3:00:00 AM,0,0
,4:00:00 AM,0,0
,5:00:00 AM,0,0
,6:00:00 AM,0,0
,7:00:00 AM,0,0
,8:00:00 AM,0,0
,9:00:00 AM,0,0
,10:00:00 AM,0,0
,11:00:00 AM,0,0
,12:00:00 PM,0,0
,1:00:00 PM,0,0
,2:00:00 PM,0,0
,3:00:00 PM,0,0
,4:00:00 PM,0,0
,5:00:00 PM,0,0
,6:00:00 PM,0,0
,7:00:00 PM,0,0
,8:00:00 PM,0,0
,9:00:00 PM,0,0
,10:00:00 PM,0,0
,11:00:00 PM,0,0
05/24/2025,,,
,12:00:00 AM,0,0
,1:00:00 AM,0,0
,2:00:00 AM,0,0
,3:00:00 AM,0,0
,4:00:00 AM,0,0
,5:00:00 AM,0,0
,6:00:00 AM,0,0
,7:00:00 AM,0,0
,8:00:00 AM,0,0
,9:00:00 AM,0,0
,10:00:00 AM,0,0
,11:00:00 AM,0,0
,12:00:00 PM,0,0
,1:00:00 PM,0,0
,2:00:00 PM,0,0
,3:00:00 PM,0,0
,4:00:00 PM,0,0
,5:00:00 PM,0,0
,6:00:00 PM,0,0
,7:00:00 PM,0,0
,8:00:00 PM,0,0
,9:00:00 PM,0,0
,10:00:00 PM,0,0
,11:00:00 PM,0,0
05/25/2025,,,
,12:00:00 AM,0,0
,1:00:00 AM,0,0
,2:00:00 AM,0,0
,3:00:00 AM,0,0
,4:00:00 AM,0,0
,5:00:00 AM,0,0
,6:00:00 AM,0,0
,7:00:00 AM,0,0
,8:00:00 AM,0,0
,9:00:00 AM,0,0
,10:00:00 AM,0,0
,11:00:00 AM,0,0
,12:00:00 PM,0,0
,1:00:00 PM,0,0
,2:00:00 PM,0,0
,3:00:00 PM,0,0
,4:00:00 PM,0,0
,5:00:00 PM,0,0
,6:00:00 PM,0,0
,7:00:00 PM,0,0
,8:00:00 PM,0,0
,9:00:00 PM,0,0
,10:00:00 PM,0,0
,11:00:00 PM,0,0
05/26/2025,,,
,12:00:00 AM,0,0
,1:00:00 AM,0,0
,2:00:00 AM,0,0
,3:00:00 AM,0,0
,4:00:00 AM,0,0
,5:00:00 AM,0,0
,6:00:00 AM,0,0
,7:00:00 AM,0,0
,8:00:00 AM,0,0
,9:00:00 AM,0,0
,10:00:00 AM,0,0
,11:00:00 AM,0,0
,12:00:00 PM,0,0
,1:00:00 PM,0,0
,2:00:00 PM,0,0
,3:00:00 PM,0,0
,4:00:00 PM,0,0
,5:00:00 PM,0,0
,6:00:00 PM,0,0
,7:00:00 PM,0,0
,8:00:00 PM,0,0
,9:00:00 PM,0,0
,10:00:00 PM,0,0
,11:00:00 PM,0,0
05/27/2025,,,
,12:00:00 AM,0,0
,1:00:00 AM,0,0
,2:00:00 AM,0,0
,3:00:00 AM,0,0
,4:00:00 AM,0,0
,5:00:00 AM,0,0
,6:00:00 AM,0,0
,7:00:00 AM,0,0
,8:00:00 AM,0,0
,9:00:00 AM,0,0
,10:00:00 AM,0,0
,11:00:00 AM,0,0
,12:00:00 PM,0,0
,1:00:00 PM,0,0
,2:00:00 PM,0,0
,3:00:00 PM,0,0
,4:00:00 PM,0,0
,5:00:00 PM,0,0
,6:00:00 PM,0,0
,7:00:00 PM,0,0
,8:00:00 PM,0,0
,9:00:00 PM,0,0
,10:00:00 PM,0,0
,11:00:00 PM,0,0
05/28/2025,,,
,12:00:00 AM,0,0
,1:00:00 AM,0,0
,2:00:00 AM,0,0
,3:00:00 AM,0,0
,4:00:00 AM,0,0
,5:00:00 AM,0,0
,6:00:00 AM,0,0
,7:00:00 AM,0,0
,8:00:00 AM,0,0
,9:00:00 AM,0,0
,10:00:00 AM,0,0
,11:00:00 AM,0,0
,12:00:00 PM,0,0
,1:00:00 PM,0,0
,2:00:00 PM,0,0
,3:00:00 PM,0,0
,4:00:00 PM,0,0
,5:00:00 PM,0,0
,6:00:00 PM,0,0
,7:00:00 PM,0,0
,8:00:00 PM,0,0
,9:00:00 PM,0,0
,10:00:00 PM,0,0
,11:00:00 PM,0,0
05/29/2025,,,
,12:00:00 AM,0,0
,1:00:00 AM,0,0
,2:00:00 AM,0,0
,3:00:00 AM,0,0
,4:00:00 AM,0,0
,5:00:00 AM,0,0
,6:00:00 AM,0,0
,7:00:00 AM,0,0
,8:00:00 AM,0,0
,9:00:00 AM,0,0
,10:00:00 AM,0,0
,11:00:00 AM,0,0
,12:00:00 PM,0,0
,1:00:00 PM,0,0
,2:00:00 PM,0,0
,3:00:00 PM,0,0
,4:00:00 PM,0,0
,5:00:00 PM,0,0
,6:00:00 PM,0,0
,7:00:00 PM,0,0
,8:00:00 PM,0,0
,9:00:00 PM,0,0
,10:00:00 PM,0,0
,11:00:00 PM,0,0
05/30/2025,,,
,12:00:00 AM,0,0
,1:00:00 AM,0,0
,2:00:00 AM,0,0
,3:00:00 AM,0,0
,4:00:00 AM,0,0
,5:00:00 AM,0,0
,6:00:00 AM,0,0
,7:00:00 AM,0,0
,8:00:00 AM,0,0
,9:00:00 AM,0,0
,10:00:00 AM,0,0
,11:00:00 AM,0,0
,12:00:00 PM,0,0
,1:00:00 PM,0,0
,2:00:00 PM,0,0
,3:00:00 PM,0,0
,4:00:00 PM,0,0
,5:00:00 PM,0,0
,6:00:00 PM,0,0
,7:00:00 PM,0,0
,8:00:00 PM,0,0
,9:00:00 PM,0,0
,10:00:00 PM,0,0
,11:00:00 PM,0,0
05/31/2025,,,
,12:00:00 AM,0,0
,1:00:00 AM,0,0
,2:00:00 AM,0,0
,3:00:00 AM,0,0
,4:00:00 AM,0,0
,5:00:00 AM,0,0
,6:00:00 AM,0,0
,7:00:00 AM,0,0
,8:00:00 AM,0,0
,9:00:00 AM,0,0
,10:00:00 AM,0,0
,11:00:00 AM,0,0
,12:00:00 PM,0,0
,1:00:00 PM,0,0
,2:00:00 PM,0,0
,3:00:00 PM,0,0
,4:00:00 PM,0,0
,5:00:00 PM,0,0
,6:00:00 PM,0,0
,7:00:00 PM,0,0
,8:00:00 PM,0,0
,9:00:00 PM,0,0
,10:00:00 PM,0,0
,11:00:00 PM,0,0
06/01/2025,,,
,12:00:00 AM,0,0
,1:00:00 AM,0,0
,2:00:00 AM,0,0
,3:00:00 AM,0,0
,4:00:00 AM,0,0
,5:00:00 AM,0,0
,6:00:00 AM,0,0
,7:00:00 AM,0,0
,8:00:00 AM,0,0
,9:00:00 AM,0,0
,10:00:00 AM,0,0
,11:00:00 AM,0,0
,12:00:00 PM,0,0
,1:00:00 PM,0,0
,2:00:00 PM,0,0
,3:00:00 PM,0,0
,4:00:00 PM,0,0
,5:00:00 PM,0,0
,6:00:00 PM,0,0
,7:00:00 PM,0,0
,8:00:00 PM,0,0
,9:00:00 PM,0,0
,10:00:00 PM,0,0
,11:00:00 PM,0,0
06/02/2025,,,
,12:00:00 AM,0,0
,1:00:00 AM,0,0
,2:00:00 AM,0,0
,3:00:00 AM,0,0
,4:00:00 AM,0,0
,5:00:00 AM,0,0
,6:00:00 AM,0,0
,7:00:00 AM,0,0
,8:00:00 AM,0,0
,9:00:00 AM,0,0
,10:00:00 AM,0,0
,11:00:00 AM,0,0
,12:00:00 PM,0,0
,1:00:00 PM,0,0
,2:00:00 PM,0,0
,3:00:00 PM,0,0
,4:00:00 PM,0,0
,5:00:00 PM,0,0
,6:00:00 PM,0,0
,7:00:00 PM,0,0
,8:00:00 PM,0,0
,9:00:00 PM,0,0
,10:00:00 PM,0,0
,11:00:00 PM,0,0
06/03/2025,,,
,12:00:00 AM,0,0
,1:00:00 AM,0,0
,2:00:00 AM,0,0
,3:00:00 AM,0,0
,4:00:00 AM,0,0
,5:00:00 AM,0,0
,6:00:00 AM,0,0
,7:00:00 AM,0,0
,8:00:00 AM,0,0
,9:00:00 AM,0,0
,10:00:00 AM,0,0
,11:00:00 AM,0,0
,12:00:00 PM,0,0
,1:00:00 PM,0,0
,2:00:00 PM,0,0
,3:00:00 PM,0,0
,4:00:00 PM,0,0
,5:00:00 PM,0,0
,6:00:00 PM,0,0
,7:00:00 PM,0,0
,8:00:00 PM,0,0
,9:00:00 PM,0,0
,10:00:00 PM,0,0
,11:00:00 PM,0,0
06/04/2025,,,
,12:00:00 AM,0,0
,1:00:00 AM,0,0
,2:00:00 AM,0,0
,3:00:00 AM,0,0
,4:00:00 AM,0,0
,5:00:00 AM,0,0
,6:00:00 AM,0,0
,7:00:00 AM,0,0
,8:00:00 AM,0,0
,9:00:00 AM,0,0
,10:00:00 AM,0,0
,11:00:00 AM,0,0
,12:00:00 PM,0,0
,1:00:00 PM,0,0
,2:00:00 PM,0,0
,3:00:00 PM,0,0
,4:00:00 PM,0,0
,5:00:00 PM,0,0
,6:00:00 PM,0,0
,7:00:00 PM,0,0
,8:00:00 PM,0,0
,9:00:00 PM,0,0
,10:00:00 PM,0,0
,11:00:00 PM,0,0
06/05/2025,,,
,12:00:00 AM,0,0
,1:00:00 AM,0,0
,2:00:00 AM,0,0
,3:00:00 AM,0,0
,4:00:00 AM,0,0
,5:00:00 AM,0,0
,6:00:00 AM,0,0
,7:00:00 AM,0,0
,8:00:00 AM,0,0
,9:00:00 AM,0,0
,10:00:00 AM,0,0
,11:00:00 AM,0,0
,12:00:00 PM,0,0
,1:00:00 PM,0,0
,2:00:00 PM,0,0
,3:00:00 PM,0,0
,4:00:00 PM,0,0
,5:00:00 PM,0,0
,6:00:00 PM,0,0
,7:00:00 PM,0,0
,8:00:00 PM,0,0
,9:00:00 PM,0,0
,10:00:00 PM,0,0
,11:00:00 PM,0,0
06/06/2025,,,
,12:00:00 AM,0,0
,1:00:00 AM,0,0
,2:00:00 AM,0,0
,3:00:00 AM,0,0
,4:00:00 AM,0,0
,5:00:00 AM,0,0
,6:00:00 AM,0,0
,7:00:00 AM,0,0
,8:00:00 AM,0,0
,9:00:00 AM,0,0
,10:00:00 AM,0,0
,11:00:00 AM,0,0
,12:00:00 PM,0,0
,1:00:00 PM,0,0
,2:00:00 PM,0,0
,3:00:00 PM,0,0
,4:00:00 PM,0,0
,5:00:00 PM,0,0
,6:00:00 PM,0,0
,7:00:00 PM,0,0
,8:00:00 PM,0,0
,9:00:00 PM,0,0
,10:00:00 PM,0,0
,11:00:00 PM,0,0
06/07/2025,,,
,12:00:00 AM,0,0
,1:00:00 AM,0,0
,2:00:00 AM,0,0
,3:00:00 AM,0,0
,4:00:00 AM,0,0
,5:00:00 AM,0,0
,6:00:00 AM,0,0
,7:00:00 AM,0,0
,8:00:00 AM,0,0
,9:00:00 AM,0,0
,10:00:00 AM,0,0
,11:00:00 AM,0,0
,12:00:00 PM,0,0
,1:00:00 PM,0,0
,2:00:00 PM,0,0
,3:00:00 PM,0,0
,4:00:00 PM,0,0
,5:00:00 PM,0,0
,6:00:00 PM,0,0
,7:00:00 PM,0,0
,8:00:00 PM,0,0
,9:00:00 PM,0,0
,10:00:00 PM,0,0
,11:00:00 PM,0,0
06/08/2025,,,
,12:00:00 AM,0,0
,1:00:00 AM,0,0
,2:00:00 AM,0,0
,3:00:00 AM,0,0
,4:00:00 AM,0,0
,5:00:00 AM,0,0
,6:00:00 AM,0,0
,7:00:00 AM,0,0
,8:00:00 AM,0,0
,9:00:00 AM,0,0
,10:00:00 AM,0,0
,11:00:00 AM,0,0
,12:00:00 PM,0,0
,1:00:00 PM,0,0
,2:00:00 PM,0,0
,3:00:00 PM,0,0
,4:00:00 PM,0,0
,5:00:00 PM,0,0
,6:00:00 PM,0,0
,7:00:00 PM,0,0
,8:00:00 PM,0,0
,9:00:00 PM,0,0
,10:00:00 PM,0,0
,11:00:00 PM,0,0
06/09/2025,,,
,12:00:00 AM,0,0
,1:00:00 AM,0,0
,2:00:00 AM,0,0
,3:00:00 AM,0,0
,4:00:00 AM,0,0
,5:00:00 AM,0,0
,6:00:00 AM,0,0
,7:00:00 AM,0,0
,8:00:00 AM,0,0
,9:00:00 AM,0,0
,10:00:00 AM,0,0
,11:00:00 AM,0,0
,12:00:00 PM,0,0
,1:00:00 PM,0,0
,2:00:00 PM,0,0
,3:00:00 PM,0,0
,4:00:00 PM,0,0
,5:00:00 PM,0,0
,6:00:00 PM,0,0
,7:00:00 PM,0,0
,8:00:00 PM,0,0
,9:00:00 PM,0,0
,10:00:00 PM,0,0
,11:00:00 PM,0,0
06/10/2025,,,
,12:00:00 AM,0,0
,1:00:00 AM,0,0
,2:00:00 AM,0,0
,3:00:00 AM,0,0
,4:00:00 AM,0,0
,5:00:00 AM,0,0
,6:00:00 AM,0,0
,7:00:00 AM,0,0
,8:00:00 AM,0,0
,9:00:00 AM,0,0
,10:00:00 AM,0,0
,11:00:00 AM,0,0
,12:00:00 PM,0,0
,1:00:00 PM,0,0
,2:00:00 PM,0,0
,3:00:00 PM,0,0
,4:00:00 PM,0,0
,5:00:00 PM,0,0
,6:00:00 PM,0,0
,7:00:00 PM,0,0
,8:00:00 PM,0,0
,9:00:00 PM,0,0
,10:00:00 PM,0,0
,11:00:00 PM,0,0
06/11/2025,,,
,12:00:00 AM,0,0
,1:00:00 AM,0,0
,2:00:00 AM,0,0
,3:00:00 AM,0,0
,4:00:00 AM,0,0
,5:00:00 AM,0,0
,6:00:00 AM,0,0
,7:00:00 AM,0,0
,8:00:00 AM,0,0
,9:00:00 AM,0,0
,10:00:00 AM,0,0
,11:00:00 AM,0,0
,12:00:00 PM,0,0
,1:00:00 PM,0,0
,2:00:00 PM,0,0
,3:00:00 PM,0,0
,4:00:00 PM,0,0
,5:00:00 PM,0,0
,6:00:00 PM,0,0
,7:00:00 PM,0,0
,8:00:00 PM,0,0
,9:00:00 PM,0,0
,10:00:00 PM,0,0
,11:00:00 PM,0,0
06/12/2025,,,
,12:00:00 AM,0,0
,1:00:00 AM,0,0
,2:00:00 AM,0,0
,3:00:00 AM,0,0
,4:00:00 AM,0,0
,5:00:00 AM,0,0
,6:00:00 AM,0,0
,7:00:00 AM,0,0
,8:00:00 AM,0,0
,9:00:00 AM,0,0
,10:00:00 AM,0,0
,11:00:00 AM,0,0
,12:00:00 PM,0,0
,1:00:00 PM,0,0
,2:00:00 PM,0,0
,3:00:00 PM,0,0
,4:00:00 PM,0,0
,5:00:00 PM,0,0
,6:00:00 PM,0,0
,7:00:00 PM,0,0
,8:00:00 PM,0,0
,9:00:00 PM,0,0
,10:00:00 PM,0,0
,11:00:00 PM,0,0
06/13/2025,,,
,12:00:00 AM,0,0
,1:00:00 AM,0,0
,2:00:00 AM,0,0
,3:00:00 AM,0,0
,4:00:00 AM,0,0
,5:00:00 AM,0,0
,6:00:00 AM,0,0
,7:00:00 AM,0,0
,8:00:00 AM,0,0
,9:00:00 AM,0,0
,10:00:00 AM,0,0
,11:00:00 AM,0,0
,12:00:00 PM,0,0
,1:00:00 PM,0,0
,2:00:00 PM,0,0
,3:00:00 PM,0,0
,4:00:00 PM,0,0
,5:00:00 PM,0,0
,6:00:00 PM,0,0
,7:00:00 PM,0,0
,8:00:00 PM,0,0
,9:00:00 PM,0,0
,10:00:00 PM,0,0
,11:00:00 PM,0,0
06/14/2025,,,
,12:00:00 AM,0,0
,1:00:00 AM,0,0
,2:00:00 AM,0,0
,3:00:00 AM,0,0
,4:00:00 AM,0,0
,5:00:00 AM,0,0
,6:00:00 AM,0,0
,7:00:00 AM,0,0
,8:00:00 AM,0,0
,9:00:00 AM,0,0
,10:00:00 AM,0,0
,11:00:00 AM,0,0
,12:00:00 PM,0,0
,1:00:00 PM,0,0
,2:00:00 PM,0,0
,3:00:00 PM,0,0
,4:00:00 PM,0,0
,5:00:00 PM,0,0
,6:00:00 PM,0,0
,7:00:00 PM,0,0
,8:00:00 PM,0,0
,9:00:00 PM,0,0
,10:00:00 PM,0,0
,11:00:00 PM,0,0
06/15/2025,,,
,12:00:00 AM,0,0
,1:00:00 AM,0,0
,2:00:00 AM,0,0
,3:00:00 AM,0,0
,4:00:00 AM,0,0
,5:00:00 AM,0,0
,6:00:00 AM,0,0
,7:00:00 AM,0,0
,8:00:00 AM,0,0
,9:00:00 AM,0,0
,10:00:00 AM,0,0
,11:00:00 AM,0,0
,12:00:00 PM,0,0
,1:00:00 PM,0,0
,2:00:00 PM,0,0
,3:00:00 PM,0,0
,4:00:00 PM,0,0
,5:00:00 PM,0,0
,6:00:00 PM,0,0
,7:00:00 PM,0,0
,8:00:00 PM,0,0
,9:00:00 PM,0,0
,10:00:00 PM,0,0
,11:00:00 PM,0,0
06/16/2025,,,
,12:00:00 AM,0,0
,1:00:00 AM,0,0
,2:00:00 AM,0,0
,3:00:00 AM,0,0
,4:00:00 AM,0,0
,5:00:00 AM,0,0
,6:00:00 AM,0,0
,7:00:00 AM,0,0
,8:00:00 AM,0,0
,9:00:00 AM,0,0
,10:00:00 AM,0,0
,11:00:00 AM,0,0
,12:00:00 PM,0,0
,1:00:00 PM,0,0
,2:00:00 PM,0,0
,3:00:00 PM,0,0
,4:00:00 PM,0,0
,5:00:00 PM,0,0
,6:00:00 PM,0,0
,7:00:00 PM,0,0
,8:00:00 PM,0,0
,9:00:00 PM,0,0
,10:00:00 PM,0,0
,11:00:00 PM,0,0
06/17/2025,,,
,12:00:00 AM,0,0
,1:00:00 AM,0,0
,2:00:00 AM,0,0
,3:00:00 AM,0,0
,4:00:00 AM,0,0
,5:00:00 AM,0,0
,6:00:00 AM,0,0
,7:00:00 AM,0,0
,8:00:00 AM,0,0
,9:00:00 AM,0,0
,10:00:00 AM,0,0
,11:00:00 AM,0,0
,12:00:00 PM,0,0
,1:00:00 PM,0,0
,2:00:00 PM,0,0
,3:00:00 PM,0,0
,4:00:00 PM,0,0
,5:00:00 PM,0,0
,6:00:00 PM,0,0
,7:00:00 PM,0,0
,8:00:00 PM,0,0
,9:00:00 PM,0,0
,10:00:00 PM,0,0
,11:00:00 PM,0,0
06/18/2025,,,
,12:00:00 AM,0,0
,1:00:00 AM,0,0
,2:00:00 AM,0,0
,3:00:00 AM,0,0
,4:00:00 AM,0,0
,5:00:00 AM,0,0
,6:00:00 AM,0,0
,7:00:00 AM,0,0
,8:00:00 AM,0,0
,9:00:00 AM,0,0
,10:00:00 AM,0,0
,11:00:00 AM,0,0
,12:00:00 PM,0,0
,1:00:00 PM,0,0
,2:00:00 PM,0,0
,3:00:00 PM,0,0
,4:00:00 PM,0,0
,5:00:00 PM,0,0
,6:00:00 PM,0,0
,7:00:00 PM,0,0
,8:00:00 PM,0,0
,9:00:00 PM,0,0
,10:00:00 PM,0,0
,11:00:00 PM,0,0
06/19/2025,,,
,12:00:00 AM,0,0
,1:00:00 AM,0,0
,2:00:00 AM,0,0
,3:00:00 AM,0,0
,4:00:00 AM,0,0
,5:00:00 AM,0,0
,6:00:00 AM,0,0
,7:00:00 AM,0,0
,8:00:00 AM,0,0
,9:00:00 AM,0,0
,10:00:00 AM,0,0
,11:00:00 AM,0,0
,12:00:00 PM,0,0
,1:00:00 PM,0,0
,2:00:00 PM,0,0
,3:00:00 PM,0,0
,4:00:00 PM,0,0
,5:00:00 PM,0,0
,6:00:00 PM,0,0
,7:00:00 PM,0,0
,8:00:00 PM,0,0
,9:00:00 PM,0,0
,10:00:00 PM,0,0
,11:00:00 PM,0,0
06/20/2025,,,
,12:00:00 AM,0,0
,1:00:00 AM,0,0
,2:00:00 AM,0,0
,3:00:00 AM,0,0
,4:00:00 AM,0,0
,5:00:00 AM,0,0
,6:00:00 AM,0,0
,7:00:00 AM,0,0
,8:00:00 AM,0,0
,9:00:00 AM,0,0
,10:00:00 AM,0,0
,11:00:00 AM,0,0
,12:00:00 PM,0,0
,1:00:00 PM,0,0
,2:00:00 PM,0,0
,3:00:00 PM,0,0
,4:00:00 PM,0,0
,5:00:00 PM,0,0
,6:00:00 PM,0,0
,7:00:00 PM,0,0
,8:00:00 PM,0,0
,9:00:00 PM,0,0
,10:00:00 PM,0,0
,11:00:00 PM,0,0
06/21/2025,,,
,12:00:00 AM,0,0
,1:00:00 AM,0,0
,2:00:00 AM,0,0
,3:00:00 AM,0,0
,4:00:00 AM,0,0
,5:00:00 AM,0,0
,6:00:00 AM,0,0
,7:00:00 AM,0,0
,8:00:00 AM,0,0
,9:00:00 AM,0,0
,10:00:00 AM,0,0
,11:00:00 AM,0,0
,12:00:00 PM,0,0
,1:00:00 PM,0,0
,2:00:00 PM,0,0
,3:00:00 PM,0,0
,4:00:00 PM,0,0
,5:00:00 PM,0,0
,6:00:00 PM,0,0
,7:00:00 PM,0,0
,8:00:00 PM,0,0
,9:00:00 PM,0,0
,10:00:00 PM,0,0
,11:00:00 PM,0,0
06/22/2025,,,
,12:00:00 AM,0,0
,1:00:00 AM,0,0
,2:00:00 AM,0,0
,3:00:00 AM,0,0
,4:00:00 AM,0,0
,5:00:00 AM,0,0
,6:00:00 AM,0,0
,7:00:00 AM,0,0
,8:00:00 AM,0,0
,9:00:00 AM,0,0
,10:00:00 AM,0,0
,11:00:00 AM,0,0
,12:00:00 PM,0,0
,1:00:00 PM,0,0
,2:00:00 PM,0,0
,3:00:00 PM,0,0
,4:00:00 PM,0,0
,5:00:00 PM,0,0
,6:00:00 PM,0,0
,7:00:00 PM,0,0
,8:00:00 PM,0,0
,9:00:00 PM,0,0
,10:00:00 PM,0,0
,11:00:00 PM,0,0
06/23/2025,,,
,12:00:00 AM,0,0
,1:00:00 AM,0,0
,2:00:00 AM,0,0
,3:00:00 AM,0,0
,4:00:00 AM,0,0
,5:00:00 AM,0,0
,6:00:00 AM,0,0
,7:00:00 AM,0,0
,8:00:00 AM,0,0
,9:00:00 AM,0,0
,10:00:00 AM,0,0
,11:00:00 AM,0,0
,12:00:00 PM,0,0
,1:00:00 PM,0,0
,2:00:00 PM,0,0
,3:00:00 PM,0,0
,4:00:00 PM,0,0
,5:00:00 PM,0,0
,6:00:00 PM,0,0
,7:00:00 PM,0,0
,8:00:00 PM,0,0
,9:00:00 PM,0,0
,10:00:00 PM,0,0
,11:00:00 PM,0,0
06/24/2025,,,
,12:00:00 AM,0,0
,1:00:00 AM,0,0
,2:00:00 AM,0,0
,3:00:00 AM,0,0
,4:00:00 AM,0,0
,5:00:00 AM,0,0
,6:00:00 AM,0,0
,7:00:00 AM,0,0
,8:00:00 AM,0,0
,9:00:00 AM,0,0
,10:00:00 AM,0,0
,11:00:00 AM,0,0
,12:00:00 PM,0,0
,1:00:00 PM,0,0
,2:00:00 PM,0,0
,3:00:00 PM,0,0
,4:00:00 PM,0,0
,5:00:00 PM,0,0
,6:00:00 PM,0,0
,7:00:00 PM,0,0
,8:00:00 PM,0,0
,9:00:00 PM,0,0
,10:00:00 PM,0,0
,11:00:00 PM,0,0
06/25/2025,,,
,12:00:00 AM,0,0
,1:00:00 AM,0,0
,2:00:00 AM,0,0
,3:00:00 AM,0,0
,4:00:00 AM,0,0
,5:00:00 AM,0,0
,6:00:00 AM,0,0
,7:00:00 AM,0,0
,8:00:00 AM,0,0
,9:00:00 AM,0,0
,10:00:00 AM,0,0
,11:00:00 AM,0,0
,12:00:00 PM,0,0
,1:00:00 PM,0,0
,2:00:00 PM,0,0
,3:00:00 PM,0,0
,4:00:00 PM,0,0
,5:00:00 PM,0,0
,6:00:00 PM,0,0
,7:00:00 PM,0,0
,8:00:00 PM,0,0
,9:00:00 PM,0,0
,10:00:00 PM,0,0
,11:00:00 PM,0,0
06/26/2025,,,
,12:00:00 AM,0,0
,1:00:00 AM,0,0
,2:00:00 AM,0,0
,3:00:00 AM,0,0
,4:00:00 AM,0,0
,5:00:00 AM,0,0
,6:00:00 AM,0,0
,7:00:00 AM,0,0
,8:00:00 AM,0,0
,9:00:00 AM,0,0
,10:00:00 AM,0,0
,11:00:00 AM,0,0
,12:00:00 PM,0,0
,1:00:00 PM,0,0
,2:00:00 PM,0,0
,3:00:00 PM,0,0
,4:00:00 PM,0,0
,5:00:00 PM,0,0
,6:00:00 PM,0,0
,7:00:00 PM,0,0
,8:00:00 PM,0,0
,9:00:00 PM,0,0
,10:00:00 PM,0,0
,11:00:00 PM,0,0
06/27/2025,,,
,12:00:00 AM,0,0
,1:00:00 AM,0,0
,2:00:00 AM,0,0
,3:00:00 AM,0,0
,4:00:00 AM,0,0
,5:00:00 AM,0,0
,6:00:00 AM,0,0
,7:00:00 AM,0,0
,8:00:00 AM,0,0
,9:00:00 AM,0,0
,10:00:00 AM,0,0
,11:00:00 AM,0,0
,12:00:00 PM,0,0
,1:00:00 PM,0,0
,2:00:00 PM,0,0
,3:00:00 PM,0,0
,4:00:00 PM,0,0
,5:00:00 PM,0,0
,6:00:00 PM,0,0
,7:00:00 PM,0,0
,8:00:00 PM,0,0
,9:00:00 PM,0,0
,10:00:00 PM,0,0
,11:00:00 PM,0,0
06/28/2025,,,
,12:00:00 AM,0,0
,1:00:00 AM,0,0
,2:00:00 AM,0,0
,3:00:00 AM,0,0
,4:00:00 AM,0,0
,5:00:00 AM,0,0
,6:00:00 AM,0,0
,7:00:00 AM,0,0
,8:00:00 AM,0,0
,9:00:00 AM,0,0
,10:00:00 AM,0,0
,11:00:00 AM,0,0
,12:00:00 PM,0,0
,1:00:00 PM,0,0
,2:00:00 PM,0,0
,3:00:00 PM,0,0
,4:00:00 PM,0,0
,5:00:00 PM,0,0
,6:00:00 PM,0,0
,7:00:00 PM,0,0
,8:00:00 PM,0,0
,9:00:00 PM,0,0
,10:00:00 PM,0,0
,11:00:00 PM,0,0
06/29/2025,,,
,12:00:00 AM,0,0
,1:00:00 AM,0,0
,2:00:00 AM,0,0
,3:00:00 AM,0,0
,4:00:00 AM,0,0
,5:00:00 AM,0,0
,6:00:00 AM,0,0
,7:00:00 AM,0,0
,8:00:00 AM,0,0
,9:00:00 AM,0,0
,10:00:00 AM,0,0
,11:00:00 AM,0,0
,12:00:00 PM,0,0
,1:00:00 PM,0,0
,2:00:00 PM,0,0
,3:00:00 PM,0,0
,4:00:00 PM,0,0
,5:00:00 PM,0,0
,6:00:00 PM,0,0
,7:00:00 PM,0,0
,8:00:00 PM,0,0
,9:00:00 PM,0,0
,10:00:00 PM,0,0
,11:00:00 PM,0,0
06/30/2025,,,
,12:00:00 AM,0,0
,1:00:00 AM,0,0
,2:00:00 AM,0,0
,3:00:00 AM,0,0
,4:00:00 AM,0,0
,5:00:00 AM,0,0
,6:00:00 AM,0,0
,7:00:00 AM,0,0
,8:00:00 AM,0,0
,9:00:00 AM,0,0
,10:00:00 AM,0,0
,11:00:00 AM,0,0
,12:00:00 PM,0,0
,1:00:00 PM,0,0
,2:00:00 PM,0,0
,3:00:00 PM,0,0
,4:00:00 PM,0,0
,5:00:00 PM,0,0
,6:00:00 PM,0,0
,7:00:00 PM,0,0
,8:00:00 PM,0,0
,9:00:00 PM,0,0
,10:00:00 PM,0,0
,11:00:00 PM,0,0
07/01/2025,,,
,12:00:00 AM,0,0
,1:00:00 AM,0,0
,2:00:00 AM,0,0
,3:00:00 AM,0,0
,4:00:00 AM,0,0
,5:00:00 AM,0,0
,6:00:00 AM,0,0
,7:00:00 AM,0,0
,8:00:00 AM,0,0
,9:00:00 AM,0,0
,10:00:00 AM,0.02,0.02
,11:00:00 AM,0,0
,12:00:00 PM,0,0
,1:00:00 PM,0,0
,2:00:00 PM,0,0
,3:00:00 PM,0,0
,4:00:00 PM,0,0
,5:00:00 PM,0,0
,6:00:00 PM,0,0
,7:00:00 PM,0,0
,8:00:00 PM,0,0
,9:00:00 PM,0,0
,10:00:00 PM,0,0
,11:00:00 PM,0,0
07/02/2025,,,
,12:00:00 AM,0,0
,1:00:00 AM,0,0
,2:00:00 AM,0,0
,3:00:00 AM,0,0
,4:00:00 AM,0,0
,5:00:00 AM,0,0
,6:00:00 AM,0,0
,7:00:00 AM,0,0
,8:00:00 AM,0,0
,9:00:00 AM,0,0
,10:00:00 AM,0,0
,11:00:00 AM,0,0
,12:00:00 PM,0,0
,1:00:00 PM,0,0
,2:00:00 PM,0,0
,3:00:00 PM,0,0
,4:00:00 PM,0,0
,5:00:00 PM,0,0
,6:00:00 PM,0,0
,7:00:00 PM,0,0
,8:00:00 PM,0,0
,9:00:00 PM,0,0
,10:00:00 PM,0,0
,11:00:00 PM,0,0
07/03/2025,,,
,12:00:00 AM,0,0
,1:00:00 AM,0,0
,2:00:00 AM,0,0
,3:00:00 AM,0,0
,4:00:00 AM,0,0
,5:00:00 AM,0,0
,6:00:00 AM,0,0
,7:00:00 AM,0,0
,8:00:00 AM,0,0
,9:00:00 AM,0,0
,10:00:00 AM,0,0
,11:00:00 AM,0,0
,12:00:00 PM,0,0
,1:00:00 PM,0,0
,2:00:00 PM,0,0
,3:00:00 PM,0,0
,4:00:00 PM,0,0
,5:00:00 PM,0,0
,6:00:00 PM,0,0
,7:00:00 PM,0,0
,8:00:00 PM,0,0
,9:00:00 PM,0,0
,10:00:00 PM,0,0
,11:00:00 PM,0,0
07/04/2025,,,
,12:00:00 AM,0,0
,1:00:00 AM,0,0
,2:00:00 AM,0,0
,3:00:00 AM,0,0
,4:00:00 AM,0,0
,5:00:00 AM,0,0
,6:00:00 AM,0,0
,7:00:00 AM,0,0
,8:00:00 AM,0,0
,9:00:00 AM,0,0
,10:00:00 AM,0,0
,11:00:00 AM,0,0
,12:00:00 PM,0,0
,1:00:00 PM,0,0
,2:00:00 PM,0,0
,3:00:00 PM,0,0
,4:00:00 PM,0,0
,5:00:00 PM,0,0
,6:00:00 PM,0,0
,7:00:00 PM,0,0
,8:00:00 PM,0,0
,9:00:00 PM,0,0
,10:00:00 PM,0,0
,11:00:00 PM,0,0
07/05/2025,,,
,12:00:00 AM,0,0
,1:00:00 AM,0,0
,2:00:00 AM,0,0
,3:00:00 AM,0,0
,4:00:00 AM,0,0
,5:00:00 AM,0,0
,6:00:00 AM,0,0
,7:00:00 AM,0,0
,8:00:00 AM,0,0
,9:00:00 AM,0,0
,10:00:00 AM,0,0
,11:00:00 AM,0,0
,12:00:00 PM,0,0
,1:00:00 PM,0,0
,2:00:00 PM,0,0
,3:00:00 PM,0,0
,4:00:00 PM,0,0
,5:00:00 PM,0,0
,6:00:00 PM,0,0
,7:00:00 PM,0,0
,8:00:00 PM,0,0
,9:00:00 PM,0,0
,10:00:00 PM,0,0
,11:00:00 PM,0,0
07/06/2025,,,
,12:00:00 AM,0,0
,1:00:00 AM,0,0
,2:00:00 AM,0,0
,3:00:00 AM,0,0
,4:00:00 AM,0,0
,5:00:00 AM,0,0
,6:00:00 AM,0,0
,7:00:00 AM,0,0
,8:00:00 AM,0,0
,9:00:00 AM,0,0
,10:00:00 AM,0,0
,11:00:00 AM,0,0
,12:00:00 PM,0,0
,1:00:00 PM,0,0
,2:00:00 PM,0,0
,3:00:00 PM,0,0
,4:00:00 PM,0,0
,5:00:00 PM,0,0
,6:00:00 PM,0,0
,7:00:00 PM,0,0
,8:00:00 PM,0,0
,9:00:00 PM,0,0
,10:00:00 PM,0,0
,11:00:00 PM,0,0
07/07/2025,,,
,12:00:00 AM,0,0
,1:00:00 AM,0,0
,2:00:00 AM,0,0
,3:00:00 AM,0,0
,4:00:00 AM,0,0
,5:00:00 AM,0,0
,6:00:00 AM,0,0
,7:00:00 AM,0,0
,8:00:00 AM,0,0
,9:00:00 AM,0,0
,10:00:00 AM,0,0
,11:00:00 AM,0,0
,12:00:00 PM,0,0
,1:00:00 PM,0,0
,2:00:00 PM,0,0
,3:00:00 PM,0,0
,4:00:00 PM,0,0
,5:00:00 PM,0,0
,6:00:00 PM,0,0
,7:00:00 PM,0,0
,8:00:00 PM,0,0
,9:00:00 PM,0,0
,10:00:00 PM,0,0
,11:00:00 PM,0,0
07/08/2025,,,
,12:00:00 AM,0,0
,1:00:00 AM,0,0
,2:00:00 AM,0,0
,3:00:00 AM,0,0
,4:00:00 AM,0,0
,5:00:00 AM,0,0
,6:00:00 AM,0,0
,7:00:00 AM,0,0
,8:00:00 AM,0,0
,9:00:00 AM,0,0
,10:00:00 AM,0,0
,11:00:00 AM,0,0
,12:00:00 PM,0,0
,1:00:00 PM,0,0
,2:00:00 PM,44.92,44.92
,3:00:00 PM,0,0
,4:00:00 PM,0,0
,5:00:00 PM,0,0
,6:00:00 PM,0,0
,7:00:00 PM,0,0
,8:00:00 PM,0,0
,9:00:00 PM,0,0
,10:00:00 PM,0,0
,11:00:00 PM,0,0
07/09/2025,,,
,12:00:00 AM,0,0
,1:00:00 AM,0,0
,2:00:00 AM,0,0
,3:00:00 AM,0,0
,4:00:00 AM,0,0
,5:00:00 AM,0,0
,6:00:00 AM,0,0
,7:00:00 AM,7.31,7.31
,8:00:00 AM,112.46,112.46
,9:00:00 AM,110.71,110.71
,10:00:00 AM,120.62,120.62
,11:00:00 AM,320.11,320.11
,12:00:00 PM,21,21
,1:00:00 PM,113.32,113.32
,2:00:00 PM,0,0
,3:00:00 PM,116.97,116.97
,4:00:00 PM,700.79,700.79
,5:00:00 PM,0,0
,6:00:00 PM,1303.41,1303.41
,7:00:00 PM,700.8,700.8
,8:00:00 PM,1849.1,1849.1
,9:00:00 PM,751.97,751.97
,10:00:00 PM,0,0
,11:00:00 PM,0,0
07/10/2025,,,
,12:00:00 AM,0,0
,1:00:00 AM,0,0
,2:00:00 AM,0,0
,3:00:00 AM,0,0
,4:00:00 AM,0,0
,5:00:00 AM,0,0
,6:00:00 AM,0,0
,7:00:00 AM,20.36,20.36
,8:00:00 AM,121.93,121.93
,9:00:00 AM,9.92,9.92
,10:00:00 AM,101.3,101.3
,11:00:00 AM,127.42,127.42
,12:00:00 PM,51.18,51.18
,1:00:00 PM,82.51,82.51
,2:00:00 PM,90.86,90.86
,3:00:00 PM,0,0
,4:00:00 PM,365.54,365.54
,5:00:00 PM,636.04,636.04
,6:00:00 PM,928.47,928.47
,7:00:00 PM,1794.27,1794.27
,8:00:00 PM,1164.52,1164.52
,9:00:00 PM,524.29,524.29
,10:00:00 PM,0,0
,11:00:00 PM,0,0
07/11/2025,,,
,12:00:00 AM,0,0
,1:00:00 AM,0,0
,2:00:00 AM,0,0
,3:00:00 AM,0,0
,4:00:00 AM,0,0
,5:00:00 AM,0,0
,6:00:00 AM,0,0
,7:00:00 AM,40.73,40.73
,8:00:00 AM,95.56,95.56
,9:00:00 AM,6.27,6.27
,10:00:00 AM,52.22,52.22
,11:00:00 AM,186.96,186.96
,12:00:00 PM,44.91,44.91
,1:00:00 PM,92.95,92.95
,2:00:00 PM,0,0
,3:00:00 PM,0,0
,4:00:00 PM,1065.29,1065.29
,5:00:00 PM,1010.99,1010.99
,6:00:00 PM,2247.55,2247.55
,7:00:00 PM,276.77,276.77
,8:00:00 PM,2763.5,2763.5
,9:00:00 PM,0,0
,10:00:00 PM,0,0
,11:00:00 PM,0,0
07/12/2025,,,
,12:00:00 AM,0,0
,1:00:00 AM,0,0
,2:00:00 AM,0,0
,3:00:00 AM,0,0
,4:00:00 AM,0,0
,5:00:00 AM,0,0
,6:00:00 AM,0,0
,7:00:00 AM,196.35,196.35
,8:00:00 AM,260.04,260.04
,9:00:00 AM,376.51,376.51
,10:00:00 AM,152.48,152.48
,11:00:00 AM,118.02,118.02
,12:00:00 PM,179.64,179.64
,1:00:00 PM,4.18,4.18
,2:00:00 PM,0,0
,3:00:00 PM,0,0
,4:00:00 PM,707.06,707.06
,5:00:00 PM,1660.6,1660.6
,6:00:00 PM,2210.99,2210.99
,7:00:00 PM,147.26,147.26
,8:00:00 PM,2870.41,2605.41
,9:00:00 PM,0.01,0.01
,10:00:00 PM,0,0
,11:00:00 PM,0,0
07/13/2025,,,
,12:00:00 AM,0,0
,1:00:00 AM,0,0
,2:00:00 AM,0,0
,3:00:00 AM,0,0
,4:00:00 AM,0,0
,5:00:00 AM,0,0
,6:00:00 AM,0,0
,7:00:00 AM,0,0
,8:00:00 AM,0,0
,9:00:00 AM,0,0
,10:00:00 AM,0,0
,11:00:00 AM,0,0
,12:00:00 PM,0,0
,1:00:00 PM,0,0
,2:00:00 PM,0,0
,3:00:00 PM,0,0
,4:00:00 PM,0,0
,5:00:00 PM,0,0
,6:00:00 PM,0,0
,7:00:00 PM,0,0
,8:00:00 PM,0,0
,9:00:00 PM,0,0
,10:00:00 PM,0,0
,11:00:00 PM,0,0
07/14/2025,,,
,12:00:00 AM,0,0
,1:00:00 AM,0,0
,2:00:00 AM,0,0
,3:00:00 AM,0,0
,4:00:00 AM,0,0
,5:00:00 AM,0,0
,6:00:00 AM,0,0
,7:00:00 AM,0,0
,8:00:00 AM,0,0
,9:00:00 AM,0,0
,10:00:00 AM,0,0
,11:00:00 AM,0,0
,12:00:00 PM,0,0
,1:00:00 PM,0,0
,2:00:00 PM,0,0
,3:00:00 PM,0,0
,4:00:00 PM,0,0
,5:00:00 PM,0,0
,6:00:00 PM,0,0
,7:00:00 PM,0,0
,8:00:00 PM,0,0
,9:00:00 PM,0,0
,10:00:00 PM,0,0
,11:00:00 PM,0,0
07/15/2025,,,
,12:00:00 AM,0,0
,1:00:00 AM,0,0
,2:00:00 AM,0,0
,3:00:00 AM,0,0
,4:00:00 AM,0,0
,5:00:00 AM,0,0
,6:00:00 AM,0,0
,7:00:00 AM,0,0
,8:00:00 AM,0,0
,9:00:00 AM,0,0
,10:00:00 AM,0,0
,11:00:00 AM,0,0
,12:00:00 PM,0,0
,1:00:00 PM,0,0
,2:00:00 PM,0,0
,3:00:00 PM,0,0
,4:00:00 PM,0,0
,5:00:00 PM,0,0
,6:00:00 PM,0,0
,7:00:00 PM,0,0
,8:00:00 PM,0,0
,9:00:00 PM,0,0
,10:00:00 PM,0,0
,11:00:00 PM,0,0
07/16/2025,,,
,12:00:00 AM,0,0
,1:00:00 AM,0,0
,2:00:00 AM,0,0
,3:00:00 AM,0,0
,4:00:00 AM,0,0
,5:00:00 AM,0,0
,6:00:00 AM,0,0
,7:00:00 AM,142.04,142.04
,8:00:00 AM,70.49,70.49
,9:00:00 AM,18.8,18.8
,10:00:00 AM,153.52,153.52
,11:00:00 AM,12.27,12.27
,12:00:00 PM,127.42,127.42
,1:00:00 PM,63.71,63.71
,2:00:00 PM,0,0
,3:00:00 PM,0,0
,4:00:00 PM,213.06,213.06
,5:00:00 PM,569.19,569.19
,6:00:00 PM,2229.79,2229.79
,7:00:00 PM,174.41,174.41
,8:00:00 PM,2385.56,2385.56
,9:00:00 PM,515.94,515.94
,10:00:00 PM,0,0
,11:00:00 PM,0,0
07/17/2025,,,
,12:00:00 AM,0,0
,1:00:00 AM,0,0
,2:00:00 AM,0,0
,3:00:00 AM,0,0
,4:00:00 AM,0,0
,5:00:00 AM,0,0
,6:00:00 AM,0,0
,7:00:00 AM,15.67,15.67
,8:00:00 AM,136.6,136.6
,9:00:00 AM,45.96,45.96
,10:00:00 AM,189.04,189.04
,11:00:00 AM,78.34,78.34
,12:00:00 PM,177.54,177.54
,1:00:00 PM,66.84,66.84
,2:00:00 PM,0,0
,3:00:00 PM,0,0
,4:00:00 PM,901.32,901.32
,5:00:00 PM,440.74,440.74
,6:00:00 PM,876.25,876.25
,7:00:00 PM,1923.78,1923.78
,8:00:00 PM,1316.19,1316.19
,9:00:00 PM,1420.61,1378.61
,10:00:00 PM,0,0
,11:00:00 PM,0,0
07/18/2025,,,
,12:00:00 AM,0,0
,1:00:00 AM,0,0
,2:00:00 AM,0,0
,3:00:00 AM,0,0
,4:00:00 AM,0,0
,5:00:00 AM,0,0
,6:00:00 AM,0,0
,7:00:00 AM,66.33,66.33
,8:00:00 AM,71.05,71.05
,9:00:00 AM,48.04,48.04
,10:00:00 AM,180.68,180.68
,11:00:00 AM,350.99,350.99
,12:00:00 PM,541,541
,1:00:00 PM,4.18,4.18
,2:00:00 PM,0,0
,3:00:00 PM,0,0
,4:00:00 PM,1036.04,1036.04
,5:00:00 PM,1802.63,1802.63
,6:00:00 PM,1429.78,1311.78
,7:00:00 PM,1363.98,1363.98
,8:00:00 PM,2118.04,2118.04
,9:00:00 PM,215.15,215.15
,10:00:00 PM,0,0
,11:00:00 PM,0,0
07/19/2025,,,
,12:00:00 AM,0,0
,1:00:00 AM,0,0
,2:00:00 AM,0,0
,3:00:00 AM,0,0
,4:00:00 AM,0,0
,5:00:00 AM,0,0
,6:00:00 AM,0,0
,7:00:00 AM,40.73,40.73
,8:00:00 AM,91.39,91.39
,9:00:00 AM,136.82,136.82
,10:00:00 AM,318.54,318.54
,11:00:00 AM,219.33,219.33
,12:00:00 PM,148.3,148.3
,1:00:00 PM,462.15,462.15
,2:00:00 PM,0,0
,3:00:00 PM,0,0
,4:00:00 PM,1547.82,1547.82
,5:00:00 PM,324.81,324.81
,6:00:00 PM,1681.81,1681.81
,7:00:00 PM,924.66,924.66
,8:00:00 PM,1837.1,1837.1
,9:00:00 PM,317.5,317.5
,10:00:00 PM,0,0
,11:00:00 PM,0,0
07/20/2025,,,
,12:00:00 AM,0,0
,1:00:00 AM,0,0
,2:00:00 AM,0,0
,3:00:00 AM,0,0
,4:00:00 AM,0,0
,5:00:00 AM,0,0
,6:00:00 AM,0,0
,7:00:00 AM,0,0
,8:00:00 AM,0,0
,9:00:00 AM,0,0
,10:00:00 AM,0,0
,11:00:00 AM,0,0
,12:00:00 PM,0,0
,1:00:00 PM,0,0
,2:00:00 PM,0,0
,3:00:00 PM,0,0
,4:00:00 PM,0,0
,5:00:00 PM,0,0
,6:00:00 PM,0,0
,7:00:00 PM,0,0
,8:00:00 PM,0,0
,9:00:00 PM,0,0
,10:00:00 PM,0,0
,11:00:00 PM,0,0
07/21/2025,,,
,12:00:00 AM,0,0
,1:00:00 AM,0,0
,2:00:00 AM,0,0
,3:00:00 AM,0,0
,4:00:00 AM,0,0
,5:00:00 AM,0,0
,6:00:00 AM,0,0
,7:00:00 AM,0,0
,8:00:00 AM,0,0
,9:00:00 AM,0,0
,10:00:00 AM,0,0
,11:00:00 AM,0,0
,12:00:00 PM,0,0
,1:00:00 PM,0,0
,2:00:00 PM,0,0
,3:00:00 PM,0,0
,4:00:00 PM,0,0
,5:00:00 PM,0,0
,6:00:00 PM,0,0
,7:00:00 PM,0,0
,8:00:00 PM,0,0
,9:00:00 PM,0,0
,10:00:00 PM,0,0
,11:00:00 PM,0,0
07/22/2025,,,
,12:00:00 AM,0,0
,1:00:00 AM,0,0
,2:00:00 AM,0,0
,3:00:00 AM,0,0
,4:00:00 AM,0,0
,5:00:00 AM,0,0
,6:00:00 AM,0,0
,7:00:00 AM,0,0
,8:00:00 AM,0,0
,9:00:00 AM,0,0
,10:00:00 AM,0,0
,11:00:00 AM,0,0
,12:00:00 PM,0,0
,1:00:00 PM,0,0
,2:00:00 PM,0,0
,3:00:00 PM,0,0
,4:00:00 PM,0,0
,5:00:00 PM,0,0
,6:00:00 PM,0,0
,7:00:00 PM,0,0
,8:00:00 PM,0,0
,9:00:00 PM,0,0
,10:00:00 PM,0,0
,11:00:00 PM,0,0
07/23/2025,,,
,12:00:00 AM,0,0
,1:00:00 AM,0,0
,2:00:00 AM,0,0
,3:00:00 AM,0,0
,4:00:00 AM,0,0
,5:00:00 AM,0,0
,6:00:00 AM,0,0
,7:00:00 AM,26.64,26.64
,8:00:00 AM,66.84,66.84
,9:00:00 AM,77.81,77.81
,10:00:00 AM,269.45,269.45
,11:00:00 AM,63.71,63.71
,12:00:00 PM,474.17,474.17
,1:00:00 PM,0,0
,2:00:00 PM,0,0
,3:00:00 PM,0,0
,4:00:00 PM,485.65,485.65
,5:00:00 PM,158.75,158.75
,6:00:00 PM,1862.01,1862.01
,7:00:00 PM,1082,1082
,8:00:00 PM,1375.48,1375.48
,9:00:00 PM,1343.94,1343.94
,10:00:00 PM,0,0
,11:00:00 PM,0,0
07/24/2025,,,
,12:00:00 AM,0,0
,1:00:00 AM,0,0
,2:00:00 AM,0,0
,3:00:00 AM,0,0
,4:00:00 AM,0,0
,5:00:00 AM,0,0
,6:00:00 AM,0,0
,7:00:00 AM,52.74,52.74
,8:00:00 AM,107.56,107.56
,9:00:00 AM,248.04,248.04
,10:00:00 AM,243.75,243.75
,11:00:00 AM,72.45,57.45
,12:00:00 PM,214.12,214.12
,1:00:00 PM,51.18,51.18
,2:00:00 PM,91.22,52.22
,3:00:00 PM,0,0
,4:00:00 PM,295.02,295.02
,5:00:00 PM,190.08,190.08
,6:00:00 PM,1555.11,1555.11
,7:00:00 PM,990.83,990.83
,8:00:00 PM,1445.46,1445.46
,9:00:00 PM,902.36,902.36
,10:00:00 PM,0,0
,11:00:00 PM,0,0
07/25/2025,,,
,12:00:00 AM,0,0
,1:00:00 AM,0,0
,2:00:00 AM,0,0
,3:00:00 AM,0,0
,4:00:00 AM,0,0
,5:00:00 AM,0,0
,6:00:00 AM,0,0
,7:00:00 AM,83.55,83.55
,8:00:00 AM,287.73,287.73
,9:00:00 AM,91.91,91.91
,10:00:00 AM,292.43,292.43
,11:00:00 AM,208.89,208.89
,12:00:00 PM,248.57,248.57
,1:00:00 PM,39.69,39.69
,2:00:00 PM,55.35,55.35
,3:00:00 PM,0,0
,4:00:00 PM,934.64,934.64
,5:00:00 PM,1459.26,1459.26
,6:00:00 PM,2020.92,2020.92
,7:00:00 PM,473.11,473.11
,8:00:00 PM,2227.7,2227.7
,9:00:00 PM,982.78,982.78
,10:00:00 PM,0,0
,11:00:00 PM,0,0
07/26/2025,,,
,12:00:00 AM,0,0
,1:00:00 AM,0,0
,2:00:00 AM,0,0
,3:00:00 AM,0,0
,4:00:00 AM,0,0
,5:00:00 AM,0,0
,6:00:00 AM,0,0
,7:00:00 AM,316.46,316.46
,8:00:00 AM,208.34,208.34
,9:00:00 AM,296.61,296.61
,10:00:00 AM,281.99,281.99
,11:00:00 AM,30.3,30.3
,12:00:00 PM,137.86,137.86
,1:00:00 PM,146.5,146.5
,2:00:00 PM,0,0
,3:00:00 PM,0,0
,4:00:00 PM,1228.21,1228.21
,5:00:00 PM,627.68,627.68
,6:00:00 PM,2066.86,2066.86
,7:00:00 PM,405.23,405.23
,8:00:00 PM,2900.01,2900.01
,9:00:00 PM,0,0
,10:00:00 PM,0,0
,11:00:00 PM,0,0
07/27/2025,,,
,12:00:00 AM,0,0
,1:00:00 AM,0,0
,2:00:00 AM,0,0
,3:00:00 AM,0,0
,4:00:00 AM,0,0
,5:00:00 AM,0,0
,6:00:00 AM,0,0
,7:00:00 AM,0,0
,8:00:00 AM,0,0
,9:00:00 AM,0,0
,10:00:00 AM,0,0
,11:00:00 AM,0,0
,12:00:00 PM,0,0
,1:00:00 PM,0,0
,2:00:00 PM,0,0
,3:00:00 PM,0,0
,4:00:00 PM,0,0
,5:00:00 PM,0,0
,6:00:00 PM,0,0
,7:00:00 PM,0,0
,8:00:00 PM,0,0
,9:00:00 PM,0,0
,10:00:00 PM,0,0
,11:00:00 PM,0,0
07/28/2025,,,
,12:00:00 AM,0,0
,1:00:00 AM,0,0
,2:00:00 AM,0,0
,3:00:00 AM,0,0
,4:00:00 AM,0,0
,5:00:00 AM,0,0
,6:00:00 AM,0,0
,7:00:00 AM,0,0
,8:00:00 AM,0,0
,9:00:00 AM,0,0
,10:00:00 AM,0,0
,11:00:00 AM,0,0
,12:00:00 PM,0,0
,1:00:00 PM,0,0
,2:00:00 PM,0,0
,3:00:00 PM,0,0
,4:00:00 PM,0,0
,5:00:00 PM,0,0
,6:00:00 PM,0,0
,7:00:00 PM,0,0
,8:00:00 PM,0,0
,9:00:00 PM,0,0
,10:00:00 PM,0,0
,11:00:00 PM,0,0
07/29/2025,,,
,12:00:00 AM,0,0
,1:00:00 AM,0,0
,2:00:00 AM,0,0
,3:00:00 AM,0,0
,4:00:00 AM,0,0
,5:00:00 AM,0,0
,6:00:00 AM,0,0
,7:00:00 AM,0,0
,8:00:00 AM,0,0
,9:00:00 AM,0,0
,10:00:00 AM,0,0
,11:00:00 AM,0,0
,12:00:00 PM,0,0
,1:00:00 PM,0,0
,2:00:00 PM,0,0
,3:00:00 PM,0,0
,4:00:00 PM,0,0
,5:00:00 PM,0,0
,6:00:00 PM,0,0
,7:00:00 PM,0,0
,8:00:00 PM,0,0
,9:00:00 PM,0,0
,10:00:00 PM,0,0
,11:00:00 PM,0,0
07/30/2025,,,
,12:00:00 AM,0,0
,1:00:00 AM,0,0
,2:00:00 AM,0,0
,3:00:00 AM,0,0
,4:00:00 AM,0,0
,5:00:00 AM,0,0
,6:00:00 AM,0,0
,7:00:00 AM,50.13,50.13
,8:00:00 AM,108.22,108.22
,9:00:00 AM,100.25,100.25
,10:00:00 AM,61.62,61.62
,11:00:00 AM,121.81,121.81
,12:00:00 PM,236.52,203.02
,1:00:00 PM,122.46,118.96
,2:00:00 PM,12.27,6.27
,3:00:00 PM,0,0
,4:00:00 PM,0,0
,5:00:00 PM,146.22,146.22
,6:00:00 PM,1724.3,1724.3
,7:00:00 PM,992.18,992.18
,8:00:00 PM,1715.94,1715.94
,9:00:00 PM,734.22,734.22
,10:00:00 PM,0,0
,11:00:00 PM,0,0
07/31/2025,,,
,12:00:00 AM,0,0
,1:00:00 AM,0,0
,2:00:00 AM,0,0
,3:00:00 AM,0,0
,4:00:00 AM,0,0
,5:00:00 AM,0,0
,6:00:00 AM,0,0
,7:00:00 AM,91.9,91.9
,8:00:00 AM,74.16,74.16
,9:00:00 AM,112.66,112.66
,10:00:00 AM,251.95,251.95
,11:00:00 AM,238.66,238.66
,12:00:00 PM,275.04,275.04
,1:00:00 PM,79.37,79.37
,2:00:00 PM,12.27,6.27
,3:00:00 PM,16,16
,4:00:00 PM,208.88,208.88
,5:00:00 PM,721.68,721.68
,6:00:00 PM,1665.81,1665.81
,7:00:00 PM,530.56,530.56
,8:00:00 PM,2267.39,2267.39
,9:00:00 PM,615.15,615.15
,10:00:00 PM,0,0
,11:00:00 PM,0,0
08/01/2025,,,
,12:00:00 AM,0,0
,1:00:00 AM,0,0
,2:00:00 AM,0,0
,3:00:00 AM,0,0
,4:00:00 AM,0,0
,5:00:00 AM,0,0
,6:00:00 AM,0,0
,7:00:00 AM,72.58,72.58
,8:00:00 AM,66.84,66.84
,9:00:00 AM,94.53,94.53
,10:00:00 AM,296.6,296.6
,11:00:00 AM,169.78,169.78
,12:00:00 PM,281.97,281.97
,1:00:00 PM,13.27,13.27
,2:00:00 PM,7.31,7.31
,3:00:00 PM,0,0
,4:00:00 PM,603.67,603.67
,5:00:00 PM,499.53,499.53
,6:00:00 PM,2090.89,2090.89
,7:00:00 PM,1228.22,1228.22
,8:00:00 PM,2523.27,2523.27
,9:00:00 PM,0,0
,10:00:00 PM,0,0
,11:00:00 PM,0,0
08/02/2025,,,
,12:00:00 AM,0,0
,1:00:00 AM,0,0
,2:00:00 AM,0,0
,3:00:00 AM,0,0
,4:00:00 AM,0,0
,5:00:00 AM,0,0
,6:00:00 AM,0,0
,7:00:00 AM,77.29,77.29
,8:00:00 AM,502.35,502.35
,9:00:00 AM,309.23,309.23
,10:00:00 AM,251.69,251.69
,11:00:00 AM,222.99,222.99
,12:00:00 PM,291.39,291.39
,1:00:00 PM,89.82,89.82
,2:00:00 PM,0,0
,3:00:00 PM,0,0
,4:00:00 PM,1243.06,1243.06
,5:00:00 PM,530.55,530.55
,6:00:00 PM,1801.58,1801.58
,7:00:00 PM,669.37,669.37
,8:00:00 PM,2206.82,2206.82
,9:00:00 PM,527.42,527.42
,10:00:00 PM,0,0
,11:00:00 PM,0,0
08/03/2025,,,
,12:00:00 AM,0,0
,1:00:00 AM,0,0
,2:00:00 AM,0,0
,3:00:00 AM,0,0
,4:00:00 AM,0,0
,5:00:00 AM,0,0
,6:00:00 AM,0,0
,7:00:00 AM,0,0
,8:00:00 AM,0,0
,9:00:00 AM,0,0
,10:00:00 AM,0,0
,11:00:00 AM,0,0
,12:00:00 PM,0,0
,1:00:00 PM,0,0
,2:00:00 PM,0,0
,3:00:00 PM,0,0
,4:00:00 PM,0,0
,5:00:00 PM,0,0
,6:00:00 PM,0,0
,7:00:00 PM,0,0
,8:00:00 PM,0,0
,9:00:00 PM,0,0
,10:00:00 PM,0,0
,11:00:00 PM,0,0
08/04/2025,,,
,12:00:00 AM,0,0
,1:00:00 AM,0,0
,2:00:00 AM,0,0
,3:00:00 AM,0,0
,4:00:00 AM,0,0
,5:00:00 AM,0,0
,6:00:00 AM,0,0
,7:00:00 AM,0,0
,8:00:00 AM,0,0
,9:00:00 AM,0,0
,10:00:00 AM,0,0
,11:00:00 AM,0,0
,12:00:00 PM,0,0
,1:00:00 PM,0,0
,2:00:00 PM,0,0
,3:00:00 PM,0,0
,4:00:00 PM,0,0
,5:00:00 PM,0,0
,6:00:00 PM,0,0
,7:00:00 PM,0,0
,8:00:00 PM,0,0
,9:00:00 PM,0,0
,10:00:00 PM,0,0
,11:00:00 PM,0,0
08/05/2025,,,
,12:00:00 AM,0,0
,1:00:00 AM,0,0
,2:00:00 AM,0,0
,3:00:00 AM,0,0
,4:00:00 AM,0,0
,5:00:00 AM,0,0
,6:00:00 AM,0,0
,7:00:00 AM,0,0
,8:00:00 AM,0,0
,9:00:00 AM,0,0
,10:00:00 AM,0,0
,11:00:00 AM,0,0
,12:00:00 PM,0,0
,1:00:00 PM,0,0
,2:00:00 PM,0,0
,3:00:00 PM,0,0
,4:00:00 PM,0,0
,5:00:00 PM,0,0
,6:00:00 PM,0,0
,7:00:00 PM,0,0
,8:00:00 PM,0,0
,9:00:00 PM,0,0
,10:00:00 PM,0,0
,11:00:00 PM,0,0
08/06/2025,,,
,12:00:00 AM,0,0
,1:00:00 AM,0,0
,2:00:00 AM,0,0
,3:00:00 AM,0,0
,4:00:00 AM,0,0
,5:00:00 AM,0,0
,6:00:00 AM,0,0
,7:00:00 AM,54.83,54.83
,8:00:00 AM,193.22,193.22
,9:00:00 AM,25.59,25.59
,10:00:00 AM,175.98,175.98
,11:00:00 AM,61.62,61.62
,12:00:00 PM,131.02,131.02
,1:00:00 PM,135.49,128.99
,2:00:00 PM,0,0
,3:00:00 PM,75.2,75.2
,4:00:00 PM,448.38,448.38
,5:00:00 PM,579.64,579.64
,6:00:00 PM,1874.7,1874.7
,7:00:00 PM,685.69,685.69
,8:00:00 PM,1342.6,1342.6
,9:00:00 PM,953.55,953.55
,10:00:00 PM,0,0
,11:00:00 PM,0,0
08/07/2025,,,
,12:00:00 AM,0,0
,1:00:00 AM,0,0
,2:00:00 AM,0,0
,3:00:00 AM,0,0
,4:00:00 AM,0,0
,5:00:00 AM,0,0
,6:00:00 AM,0,0
,7:00:00 AM,43.86,43.86
,8:00:00 AM,99.21,99.21
,9:00:00 AM,157.7,157.7
,10:00:00 AM,107.34,107.34
,11:00:00 AM,465.79,465.79
,12:00:00 PM,388.72,388.72
,1:00:00 PM,505.33,501.33
,2:00:00 PM,8,4
,3:00:00 PM,0,0
,4:00:00 PM,128.46,128.46
,5:00:00 PM,979.65,979.65
,6:00:00 PM,1657.46,1657.46
,7:00:00 PM,829.97,829.97
,8:00:00 PM,1662.68,1662.68
,9:00:00 PM,1435.24,1435.24
,10:00:00 PM,0,0
,11:00:00 PM,0,0
08/08/2025,,,
,12:00:00 AM,0,0
,1:00:00 AM,0,0
,2:00:00 AM,0,0
,3:00:00 AM,0,0
,4:00:00 AM,0,0
,5:00:00 AM,0,0
,6:00:00 AM,0,0
,7:00:00 AM,124.28,124.28
,8:00:00 AM,229.77,229.77
,9:00:00 AM,147.26,147.26
,10:00:00 AM,181.72,181.72
,11:00:00 AM,335.26,335.26
,12:00:00 PM,139.95,139.95
,1:00:00 PM,363.45,363.45
,2:00:00 PM,0,0
,3:00:00 PM,0,0
,4:00:00 PM,682,682
,5:00:00 PM,194,194
,6:00:00 PM,2539.97,2539.97
,7:00:00 PM,224.56,224.56
,8:00:00 PM,2553.8,2553.8
,9:00:00 PM,358.23,358.23
,10:00:00 PM,0,0
,11:00:00 PM,0,0
08/09/2025,,,
,12:00:00 AM,0,0
,1:00:00 AM,0,0
,2:00:00 AM,0,0
,3:00:00 AM,0,0
,4:00:00 AM,0,0
,5:00:00 AM,0,0
,6:00:00 AM,0,0
,7:00:00 AM,53.26,53.26
,8:00:00 AM,455.89,455.89
,9:00:00 AM,424.56,424.56
,10:00:00 AM,368.69,368.69
,11:00:00 AM,316.98,316.98
,12:00:00 PM,205.16,180.16
,1:00:00 PM,180.68,180.68
,2:00:00 PM,53.26,53.26
,3:00:00 PM,0,0
,4:00:00 PM,1110.21,1110.21
,5:00:00 PM,230.81,230.81
,6:00:00 PM,2326.94,2326.94
,7:00:00 PM,256.92,256.92
,8:00:00 PM,2995.49,2995.49
,9:00:00 PM,41.78,41.78
,10:00:00 PM,0,0
,11:00:00 PM,0,0
08/10/2025,,,
,12:00:00 AM,0,0
,1:00:00 AM,0,0
,2:00:00 AM,0,0
,3:00:00 AM,0,0
,4:00:00 AM,0,0
,5:00:00 AM,0,0
,6:00:00 AM,0,0
,7:00:00 AM,0,0
,8:00:00 AM,0,0
,9:00:00 AM,0,0
,10:00:00 AM,0,0
,11:00:00 AM,0,0
,12:00:00 PM,0,0
,1:00:00 PM,0,0
,2:00:00 PM,0,0
,3:00:00 PM,0,0
,4:00:00 PM,0,0
,5:00:00 PM,0,0
,6:00:00 PM,0,0
,7:00:00 PM,0,0
,8:00:00 PM,0,0
,9:00:00 PM,0,0
,10:00:00 PM,0,0
,11:00:00 PM,0,0
08/11/2025,,,
,12:00:00 AM,0,0
,1:00:00 AM,0,0
,2:00:00 AM,0,0
,3:00:00 AM,0,0
,4:00:00 AM,0,0
,5:00:00 AM,0,0
,6:00:00 AM,0,0
,7:00:00 AM,0,0
,8:00:00 AM,0,0
,9:00:00 AM,0,0
,10:00:00 AM,0,0
,11:00:00 AM,0,0
,12:00:00 PM,0,0
,1:00:00 PM,0,0
,2:00:00 PM,0,0
,3:00:00 PM,0,0
,4:00:00 PM,0,0
,5:00:00 PM,0,0
,6:00:00 PM,0,0
,7:00:00 PM,0,0
,8:00:00 PM,0,0
,9:00:00 PM,0,0
,10:00:00 PM,0,0
,11:00:00 PM,0,0
08/12/2025,,,
,12:00:00 AM,0,0
,1:00:00 AM,0,0
,2:00:00 AM,0,0
,3:00:00 AM,0,0
,4:00:00 AM,0,0
,5:00:00 AM,0,0
,6:00:00 AM,0,0
,7:00:00 AM,0,0
,8:00:00 AM,0,0
,9:00:00 AM,0,0
,10:00:00 AM,0,0
,11:00:00 AM,0,0
,12:00:00 PM,0,0
,1:00:00 PM,0,0
,2:00:00 PM,0,0
,3:00:00 PM,0,0
,4:00:00 PM,0,0
,5:00:00 PM,0,0
,6:00:00 PM,0,0
,7:00:00 PM,0,0
,8:00:00 PM,0,0
,9:00:00 PM,0,0
,10:00:00 PM,0,0
,11:00:00 PM,0,0
08/13/2025,,,
,12:00:00 AM,0,0
,1:00:00 AM,0,0
,2:00:00 AM,0,0
,3:00:00 AM,0,0
,4:00:00 AM,0,0
,5:00:00 AM,0,0
,6:00:00 AM,0,0
,7:00:00 AM,117.76,117.76
,8:00:00 AM,50.66,50.66
,9:00:00 AM,256.92,256.92
,10:00:00 AM,322.73,322.73
,11:00:00 AM,274.9,274.9
,12:00:00 PM,118.54,118.54
,1:00:00 PM,204,200
,2:00:00 PM,0,0
,3:00:00 PM,0,0
,4:00:00 PM,465.81,465.81
,5:00:00 PM,204.7,204.7
,6:00:00 PM,2650.54,2650.54
,7:00:00 PM,257.97,257.97
,8:00:00 PM,2313.5,2313.5
,9:00:00 PM,481.59,343.09
,10:00:00 PM,0,0
,11:00:00 PM,0,0
08/14/2025,,,
,12:00:00 AM,0,0
,1:00:00 AM,0,0
,2:00:00 AM,0,0
,3:00:00 AM,0,0
,4:00:00 AM,0,0
,5:00:00 AM,0,0
,6:00:00 AM,0,0
,7:00:00 AM,38.58,37.08
,8:00:00 AM,93.7,88.6
,9:00:00 AM,295.64,285.44
,10:00:00 AM,165.45,157.45
,11:00:00 AM,455.53,455.53
,12:00:00 PM,59.53,59.53
,1:00:00 PM,7.31,7.31
,2:00:00 PM,126.37,126.37
,3:00:00 PM,0,0
,4:00:00 PM,283.03,283.03
,5:00:00 PM,287.21,287.21
,6:00:00 PM,2382.28,2382.28
,7:00:00 PM,0,0
,8:00:00 PM,3177.62,3177.62
,9:00:00 PM,0,0
,10:00:00 PM,0,0
,11:00:00 PM,0,0
08/15/2025,,,
,12:00:00 AM,0,0
,1:00:00 AM,0,0
,2:00:00 AM,0,0
,3:00:00 AM,0,0
,4:00:00 AM,0,0
,5:00:00 AM,0,0
,6:00:00 AM,0,0
,7:00:00 AM,76.76,76.76
,8:00:00 AM,162.33,160.53
,9:00:00 AM,198.65,197.95
,10:00:00 AM,222.47,222.47
,11:00:00 AM,233.78,230.38
,12:00:00 PM,322.72,322.72
,1:00:00 PM,9.36,8.46
,2:00:00 PM,0,0
,3:00:00 PM,0,0
,4:00:00 PM,343.61,343.61
,5:00:00 PM,2323.4,2323.4
,6:00:00 PM,1603.16,1603.16
,7:00:00 PM,1231.35,1231.35
,8:00:00 PM,2477.11,2477.11
,9:00:00 PM,395.83,395.83
,10:00:00 PM,0,0
,11:00:00 PM,0,0
08/16/2025,,,
,12:00:00 AM,0,0
,1:00:00 AM,0,0
,2:00:00 AM,0,0
,3:00:00 AM,0,0
,4:00:00 AM,0,0
,5:00:00 AM,0,0
,6:00:00 AM,0,0
,7:00:00 AM,161.57,161.57
,8:00:00 AM,235,235
,9:00:00 AM,530.04,530.04
,10:00:00 AM,349.83,348.43
,11:00:00 AM,553.47,552.47
,12:00:00 PM,397.3,383.3
,1:00:00 PM,150.39,150.39
,2:00:00 PM,0,0
,3:00:00 PM,0,0
,4:00:00 PM,1084.08,1084.08
,5:00:00 PM,444.91,444.91
,6:00:00 PM,2685.53,2685.53
,7:00:00 PM,485.65,485.65
,8:00:00 PM,1695.06,1695.06
,9:00:00 PM,1007.84,1007.84
,10:00:00 PM,0,0
,11:00:00 PM,0,0
08/17/2025,,,
,12:00:00 AM,0,0
,1:00:00 AM,0,0
,2:00:00 AM,0,0
,3:00:00 AM,0,0
,4:00:00 AM,0,0
,5:00:00 AM,0,0
,6:00:00 AM,0,0
,7:00:00 AM,0,0
,8:00:00 AM,0,0
,9:00:00 AM,0,0
,10:00:00 AM,0,0
,11:00:00 AM,0,0
,12:00:00 PM,0,0
,1:00:00 PM,0,0
,2:00:00 PM,0,0
,3:00:00 PM,0,0
,4:00:00 PM,0,0
,5:00:00 PM,0,0
,6:00:00 PM,0,0
,7:00:00 PM,0,0
,8:00:00 PM,0,0
,9:00:00 PM,0,0
,10:00:00 PM,0,0
,11:00:00 PM,0,0
08/18/2025,,,
,12:00:00 AM,0,0
,1:00:00 AM,0,0
,2:00:00 AM,0,0
,3:00:00 AM,0,0
,4:00:00 AM,0,0
,5:00:00 AM,0,0
,6:00:00 AM,0,0
,7:00:00 AM,0,0
,8:00:00 AM,0,0
,9:00:00 AM,0,0
,10:00:00 AM,0,0
,11:00:00 AM,0,0
,12:00:00 PM,0,0
,1:00:00 PM,0,0
,2:00:00 PM,0,0
,3:00:00 PM,0,0
,4:00:00 PM,0,0
,5:00:00 PM,0,0
,6:00:00 PM,0,0
,7:00:00 PM,0,0
,8:00:00 PM,0,0
,9:00:00 PM,0,0
,10:00:00 PM,0,0
,11:00:00 PM,0,0
08/19/2025,,,
,12:00:00 AM,0,0
,1:00:00 AM,0,0
,2:00:00 AM,0,0
,3:00:00 AM,0,0
,4:00:00 AM,0,0
,5:00:00 AM,0,0
,6:00:00 AM,0,0
,7:00:00 AM,0,0
,8:00:00 AM,0,0
,9:00:00 AM,0,0
,10:00:00 AM,0,0
,11:00:00 AM,0,0
,12:00:00 PM,0,0
,1:00:00 PM,0,0
,2:00:00 PM,0,0
,3:00:00 PM,0,0
,4:00:00 PM,0,0
,5:00:00 PM,0,0
,6:00:00 PM,0,0
,7:00:00 PM,0,0
,8:00:00 PM,0,0
,9:00:00 PM,0,0
,10:00:00 PM,0,0
,11:00:00 PM,0,0
08/20/2025,,,
,12:00:00 AM,0,0
,1:00:00 AM,0,0
,2:00:00 AM,0,0
,3:00:00 AM,0,0
,4:00:00 AM,0,0
,5:00:00 AM,0,0
,6:00:00 AM,0,0
,7:00:00 AM,243.36,243.36
,8:00:00 AM,296.64,296.64
,9:00:00 AM,121.94,120.94
,10:00:00 AM,333.13,332.43
,11:00:00 AM,244.52,243.02
,12:00:00 PM,240.51,240.51
,1:00:00 PM,138.47,138.47
,2:00:00 PM,16.71,16.71
,3:00:00 PM,0,0
,4:00:00 PM,576.51,576.51
,5:00:00 PM,204.7,204.7
,6:00:00 PM,1496.62,1496.62
,7:00:00 PM,737.31,737.31
,8:00:00 PM,2508.66,2508.66
,9:00:00 PM,0,0
,10:00:00 PM,0,0
,11:00:00 PM,0,0
08/21/2025,,,
,12:00:00 AM,0,0
,1:00:00 AM,0,0
,2:00:00 AM,0,0
,3:00:00 AM,0,0
,4:00:00 AM,0,0
,5:00:00 AM,0,0
,6:00:00 AM,0,0
,7:00:00 AM,254.74,253.74
,8:00:00 AM,122.66,118.26
,9:00:00 AM,61.19,59.59
,10:00:00 AM,116.14,114.74
,11:00:00 AM,232.67,232.67
,12:00:00 PM,96.22,96.22
,1:00:00 PM,38.65,38.65
,2:00:00 PM,60.58,60.58
,3:00:00 PM,0,0
,4:00:00 PM,659.31,659.31
,5:00:00 PM,0,0
,6:00:00 PM,1750.65,1750.65
,7:00:00 PM,310.19,310.19
,8:00:00 PM,2485.67,2485.67
,9:00:00 PM,25.07,25.07
,10:00:00 PM,0,0
,11:00:00 PM,0,0
08/22/2025,,,
,12:00:00 AM,0,0
,1:00:00 AM,0,0
,2:00:00 AM,0,0
,3:00:00 AM,0,0
,4:00:00 AM,0,0
,5:00:00 AM,0,0
,6:00:00 AM,0,0
,7:00:00 AM,196.07,195.27
,8:00:00 AM,68.64,64.74
,9:00:00 AM,247.97,246.27
,10:00:00 AM,181.91,181.91
,11:00:00 AM,235.46,234.56
,12:00:00 PM,157.7,157.7
,1:00:00 PM,114.88,114.88
,2:00:00 PM,0,0
,3:00:00 PM,12.53,12.53
,4:00:00 PM,327.94,327.94
,5:00:00 PM,561.88,561.88
,6:00:00 PM,496.09,496.09
,7:00:00 PM,2136.4,1981.4
,8:00:00 PM,1099.76,1099.76
,9:00:00 PM,1706.54,1706.54
,10:00:00 PM,0,0
,11:00:00 PM,0,0
08/23/2025,,,
,12:00:00 AM,0,0
,1:00:00 AM,0,0
,2:00:00 AM,0,0
,3:00:00 AM,0,0
,4:00:00 AM,0,0
,5:00:00 AM,0,0
,6:00:00 AM,0,0
,7:00:00 AM,89.74,82.99
,8:00:00 AM,0,0
,9:00:00 AM,252.66,248.31
,10:00:00 AM,380.71,362.21
,11:00:00 AM,359.55,352.35
,12:00:00 PM,264.16,243.31
,1:00:00 PM,99.21,99.21
,2:00:00 PM,0,0
,3:00:00 PM,55.35,55.35
,4:00:00 PM,967.91,967.91
,5:00:00 PM,649.61,649.61
,6:00:00 PM,2026.13,2026.13
,7:00:00 PM,239.17,239.17
,8:00:00 PM,1582.27,1582.27
,9:00:00 PM,1311.15,1311.15
,10:00:00 PM,0,0
,11:00:00 PM,0,0
08/24/2025,,,
,12:00:00 AM,0,0
,1:00:00 AM,0,0
,2:00:00 AM,0,0
,3:00:00 AM,0,0
,4:00:00 AM,0,0
,5:00:00 AM,0,0
,6:00:00 AM,0,0
,7:00:00 AM,0,0
,8:00:00 AM,0,0
,9:00:00 AM,0,0
,10:00:00 AM,0,0
,11:00:00 AM,0,0
,12:00:00 PM,0,0
,1:00:00 PM,0,0
,2:00:00 PM,0,0
,3:00:00 PM,0,0
,4:00:00 PM,0,0
,5:00:00 PM,0,0
,6:00:00 PM,0,0
,7:00:00 PM,0,0
,8:00:00 PM,0,0
,9:00:00 PM,0,0
,10:00:00 PM,0,0
,11:00:00 PM,0,0
08/25/2025,,,
,12:00:00 AM,0,0
,1:00:00 AM,0,0
,2:00:00 AM,0,0
,3:00:00 AM,0,0
,4:00:00 AM,0,0
,5:00:00 AM,0,0
,6:00:00 AM,0,0
,7:00:00 AM,0,0
,8:00:00 AM,0,0
,9:00:00 AM,0,0
,10:00:00 AM,0,0
,11:00:00 AM,0,0
,12:00:00 PM,0,0
,1:00:00 PM,0,0
,2:00:00 PM,0,0
,3:00:00 PM,0,0
,4:00:00 PM,0,0
,5:00:00 PM,0,0
,6:00:00 PM,0,0
,7:00:00 PM,0,0
,8:00:00 PM,0,0
,9:00:00 PM,0,0
,10:00:00 PM,0,0
,11:00:00 PM,0,0
08/26/2025,,,
,12:00:00 AM,0,0
,1:00:00 AM,0,0
,2:00:00 AM,0,0
,3:00:00 AM,0,0
,4:00:00 AM,0,0
,5:00:00 AM,0,0
,6:00:00 AM,0,0
,7:00:00 AM,0,0
,8:00:00 AM,0,0
,9:00:00 AM,0,0
,10:00:00 AM,0,0
,11:00:00 AM,0,0
,12:00:00 PM,0,0
,1:00:00 PM,0,0
,2:00:00 PM,0,0
,3:00:00 PM,0,0
,4:00:00 PM,0,0
,5:00:00 PM,0,0
,6:00:00 PM,0,0
,7:00:00 PM,0,0
,8:00:00 PM,0,0
,9:00:00 PM,0,0
,10:00:00 PM,0,0
,11:00:00 PM,0,0
08/27/2025,,,
,12:00:00 AM,0,0
,1:00:00 AM,0,0
,2:00:00 AM,0,0
,3:00:00 AM,0,0
,4:00:00 AM,0,0
,5:00:00 AM,0,0
,6:00:00 AM,0,0
,7:00:00 AM,64.19,63.39
,8:00:00 AM,106.86,106.86
,9:00:00 AM,198.88,197.08
,10:00:00 AM,214.01,211.91
,11:00:00 AM,446.72,443.52
,12:00:00 PM,166.99,159.74
,1:00:00 PM,70.96,69.36
,2:00:00 PM,201.34,196.14
,3:00:00 PM,0,0
,4:00:00 PM,1137.35,1137.35
,5:00:00 PM,508.63,508.63
,6:00:00 PM,1488.35,1488.35
,7:00:00 PM,1395.32,1395.32
,8:00:00 PM,1732.66,1732.66
,9:00:00 PM,0,0
,10:00:00 PM,0,0
,11:00:00 PM,0,0
08/28/2025,,,
,12:00:00 AM,0,0
,1:00:00 AM,0,0
,2:00:00 AM,0,0
,3:00:00 AM,0,0
,4:00:00 AM,0,0
,5:00:00 AM,0,0
,6:00:00 AM,0,0
,7:00:00 AM,348.79,347.99
,8:00:00 AM,252.12,244.32
,9:00:00 AM,144.52,141.62
,10:00:00 AM,160,157.7
,11:00:00 AM,187.78,183.18
,12:00:00 PM,124.86,114.26
,1:00:00 PM,196.22,193.12
,2:00:00 PM,0,0
,3:00:00 PM,0,0
,4:00:00 PM,627.68,627.68
,5:00:00 PM,1225.08,1225.08
,6:00:00 PM,1667.52,1667.52
,7:00:00 PM,2604.28,2335.28
,8:00:00 PM,1856.95,1856.95
,9:00:00 PM,585.92,585.92
,10:00:00 PM,0,0
,11:00:00 PM,0,0
08/29/2025,,,
,12:00:00 AM,0,0
,1:00:00 AM,0,0
,2:00:00 AM,0,0
,3:00:00 AM,0,0
,4:00:00 AM,0,0
,5:00:00 AM,0,0
,6:00:00 AM,0,0
,7:00:00 AM,302.87,302.87
,8:00:00 AM,109.66,109.66
,9:00:00 AM,370.66,368.36
,10:00:00 AM,155.31,148.31
,11:00:00 AM,77.14,76.24
,12:00:00 PM,526.91,476.31
,1:00:00 PM,49.09,49.09
,2:00:00 PM,0,0
,3:00:00 PM,16.36,8.36
,4:00:00 PM,883.02,883.02
,5:00:00 PM,303.8,303.8
,6:00:00 PM,2252.57,2252.57
,7:00:00 PM,645.44,645.44
,8:00:00 PM,2668.45,2668.45
,9:00:00 PM,0,0
,10:00:00 PM,0,0
,11:00:00 PM,0,0
08/30/2025,,,
,12:00:00 AM,0,0
,1:00:00 AM,0,0
,2:00:00 AM,0,0
,3:00:00 AM,0,0
,4:00:00 AM,0,0
,5:00:00 AM,0,0
,6:00:00 AM,0,0
,7:00:00 AM,72.59,72.59
,8:00:00 AM,19.84,19.84
,9:00:00 AM,92.76,92.76
,10:00:00 AM,247.73,239.43
,11:00:00 AM,341,341
,12:00:00 PM,222.12,176.87
,1:00:00 PM,397.89,397.19
,2:00:00 PM,0,0
,3:00:00 PM,0,0
,4:00:00 PM,995.67,995.67
,5:00:00 PM,757.19,757.19
,6:00:00 PM,3060.1,3060.1
,7:00:00 PM,375.98,375.98
,8:00:00 PM,1657.47,1657.47
,9:00:00 PM,766.98,766.98
,10:00:00 PM,0,0
,11:00:00 PM,0,0
08/31/2025,,,
,12:00:00 AM,0,0
,1:00:00 AM,0,0
,2:00:00 AM,0,0
,3:00:00 AM,0,0
,4:00:00 AM,0,0
,5:00:00 AM,0,0
,6:00:00 AM,0,0
,7:00:00 AM,0,0
,8:00:00 AM,0,0
,9:00:00 AM,0,0
,10:00:00 AM,0,0
,11:00:00 AM,0,0
,12:00:00 PM,0,0
,1:00:00 PM,0,0
,2:00:00 PM,0,0
,3:00:00 PM,0,0
,4:00:00 PM,0,0
,5:00:00 PM,0,0
,6:00:00 PM,0,0
,7:00:00 PM,0,0
,8:00:00 PM,0,0
,9:00:00 PM,0,0
,10:00:00 PM,0,0
,11:00:00 PM,0,0
09/01/2025,,,
,12:00:00 AM,0,0
,1:00:00 AM,0,0
,2:00:00 AM,0,0
,3:00:00 AM,0,0
,4:00:00 AM,0,0
,5:00:00 AM,0,0
,6:00:00 AM,0,0
,7:00:00 AM,0,0
,8:00:00 AM,0,0
,9:00:00 AM,0,0
,10:00:00 AM,0,0
,11:00:00 AM,0,0
,12:00:00 PM,0,0
,1:00:00 PM,0,0
,2:00:00 PM,0,0
,3:00:00 PM,0,0
,4:00:00 PM,0,0
,5:00:00 PM,0,0
,6:00:00 PM,0,0
,7:00:00 PM,0,0
,8:00:00 PM,0,0
,9:00:00 PM,0,0
,10:00:00 PM,0,0
,11:00:00 PM,0,0
09/02/2025,,,
,12:00:00 AM,0,0
,1:00:00 AM,0,0
,2:00:00 AM,0,0
,3:00:00 AM,0,0
,4:00:00 AM,0,0
,5:00:00 AM,0,0
,6:00:00 AM,0,0
,7:00:00 AM,0,0
,8:00:00 AM,0,0
,9:00:00 AM,0,0
,10:00:00 AM,0,0
,11:00:00 AM,0,0
,12:00:00 PM,0,0
,1:00:00 PM,0,0
,2:00:00 PM,0,0
,3:00:00 PM,0,0
,4:00:00 PM,0,0
,5:00:00 PM,0,0
,6:00:00 PM,0,0
,7:00:00 PM,0,0
,8:00:00 PM,0,0
,9:00:00 PM,0,0
,10:00:00 PM,0,0
,11:00:00 PM,0,0
09/03/2025,,,
,12:00:00 AM,0,0
,1:00:00 AM,0,0
,2:00:00 AM,0,0
,3:00:00 AM,0,0
,4:00:00 AM,0,0
,5:00:00 AM,0,0
,6:00:00 AM,0,0
,7:00:00 AM,174.85,172.8
,8:00:00 AM,77.28,77.28
,9:00:00 AM,138.85,137.45
,10:00:00 AM,80.35,78.35
,11:00:00 AM,124.29,124.29
,12:00:00 PM,188.66,179.76
,1:00:00 PM,47.81,46.21
,2:00:00 PM,165.01,165.01
,3:00:00 PM,56.4,56.4
,4:00:00 PM,765.54,765.54
,5:00:00 PM,194.26,194.26
,6:00:00 PM,1457.98,1457.98
,7:00:00 PM,565.02,565.02
,8:00:00 PM,1880.97,1880.97
,9:00:00 PM,771.81,771.81
,10:00:00 PM,0,0
,11:00:00 PM,0,0
09/04/2025,,,
,12:00:00 AM,0,0
,1:00:00 AM,0,0
,2:00:00 AM,0,0
,3:00:00 AM,0,0
,4:00:00 AM,0,0
,5:00:00 AM,0,0
,6:00:00 AM,0,0
,7:00:00 AM,21.94,21.94
,8:00:00 AM,180.55,177.05
,9:00:00 AM,136.79,136.09
,10:00:00 AM,41.25,41.25
,11:00:00 AM,195.58,189.78
,12:00:00 PM,378.76,359.86
,1:00:00 PM,217.23,217.23
,2:00:00 PM,0,0
,3:00:00 PM,0,0
,4:00:00 PM,688.35,688.35
,5:00:00 PM,0,0
,6:00:00 PM,2321.7,2321.7
,7:00:00 PM,749.88,749.88
,8:00:00 PM,1825.61,1825.61
,9:00:00 PM,622.46,622.46
,10:00:00 PM,0,0
,11:00:00 PM,0,0
09/05/2025,,,
,12:00:00 AM,0,0
,1:00:00 AM,0,0
,2:00:00 AM,0,0
,3:00:00 AM,0,0
,4:00:00 AM,0,0
,5:00:00 AM,0,0
,6:00:00 AM,0,0
,7:00:00 AM,176.91,174.31
,8:00:00 AM,62.14,62.14
,9:00:00 AM,181.66,180.06
,10:00:00 AM,50.54,47.99
,11:00:00 AM,323.73,323.03
,12:00:00 PM,131.7,131.7
,1:00:00 PM,218.24,217.24
,2:00:00 PM,0,0
,3:00:00 PM,0,0
,4:00:00 PM,364.5,364.5
,5:00:00 PM,740.48,740.48
,6:00:00 PM,1486.18,1486.18
,7:00:00 PM,977.89,961.89
,8:00:00 PM,1863.2,1863.2
,9:00:00 PM,832.38,832.38
,10:00:00 PM,0,0
,11:00:00 PM,0,0
09/06/2025,,,
,12:00:00 AM,0,0
,1:00:00 AM,0,0
,2:00:00 AM,0,0
,3:00:00 AM,0,0
,4:00:00 AM,0,0
,5:00:00 AM,0,0
,6:00:00 AM,0,0
,7:00:00 AM,171.28,171.28
,8:00:00 AM,204.18,204.18
,9:00:00 AM,291.69,291.69
,10:00:00 AM,341.39,339.49
,11:00:00 AM,146.46,116.46
,12:00:00 PM,355.78,335.68
,1:00:00 PM,11.49,11.49
,2:00:00 PM,28.2,28.2
,3:00:00 PM,0,0
,4:00:00 PM,473.12,473.12
,5:00:00 PM,857.46,857.46
,6:00:00 PM,1847.08,1789.58
,7:00:00 PM,348.83,348.83
,8:00:00 PM,2053.28,2053.28
,9:00:00 PM,858.5,858.5
,10:00:00 PM,0,0
,11:00:00 PM,0,0
09/07/2025,,,
,12:00:00 AM,0,0
,1:00:00 AM,0,0
,2:00:00 AM,0,0
,3:00:00 AM,0,0
,4:00:00 AM,0,0
,5:00:00 AM,0,0
,6:00:00 AM,0,0
,7:00:00 AM,0,0
,8:00:00 AM,0,0
,9:00:00 AM,0,0
,10:00:00 AM,0,0
,11:00:00 AM,0,0
,12:00:00 PM,0,0
,1:00:00 PM,0,0
,2:00:00 PM,0,0
,3:00:00 PM,0,0
,4:00:00 PM,0,0
,5:00:00 PM,0,0
,6:00:00 PM,0,0
,7:00:00 PM,0,0
,8:00:00 PM,0,0
,9:00:00 PM,0,0
,10:00:00 PM,0,0
,11:00:00 PM,0,0
09/08/2025,,,
,12:00:00 AM,0,0
,1:00:00 AM,0,0
,2:00:00 AM,0,0
,3:00:00 AM,0,0
,4:00:00 AM,0,0
,5:00:00 AM,0,0
,6:00:00 AM,0,0
,7:00:00 AM,0,0
,8:00:00 AM,0,0
,9:00:00 AM,0,0
,10:00:00 AM,0,0
,11:00:00 AM,0,0
,12:00:00 PM,0,0
,1:00:00 PM,0,0
,2:00:00 PM,0,0
,3:00:00 PM,0,0
,4:00:00 PM,0,0
,5:00:00 PM,0,0
,6:00:00 PM,0,0
,7:00:00 PM,0,0
,8:00:00 PM,0,0
,9:00:00 PM,0,0
,10:00:00 PM,0,0
,11:00:00 PM,0,0
09/09/2025,,,
,12:00:00 AM,0,0
,1:00:00 AM,0,0
,2:00:00 AM,0,0
,3:00:00 AM,0,0
,4:00:00 AM,0,0
,5:00:00 AM,0,0
,6:00:00 AM,0,0
,7:00:00 AM,0,0
,8:00:00 AM,0,0
,9:00:00 AM,0,0
,10:00:00 AM,0,0
,11:00:00 AM,0,0
,12:00:00 PM,0,0
,1:00:00 PM,0,0
,2:00:00 PM,0,0
,3:00:00 PM,0,0
,4:00:00 PM,0,0
,5:00:00 PM,0,0
,6:00:00 PM,0,0
,7:00:00 PM,0,0
,8:00:00 PM,0,0
,9:00:00 PM,0,0
,10:00:00 PM,0,0
,11:00:00 PM,0,0
09/10/2025,,,
,12:00:00 AM,0,0
,1:00:00 AM,0,0
,2:00:00 AM,0,0
,3:00:00 AM,0,0
,4:00:00 AM,0,0
,5:00:00 AM,0,0
,6:00:00 AM,0,0
,7:00:00 AM,43.87,43.87
,8:00:00 AM,197.66,196.36
,9:00:00 AM,48.04,48.04
,10:00:00 AM,198.96,193.21
,11:00:00 AM,292.97,292.97
,12:00:00 PM,305.57,295.67
,1:00:00 PM,100.79,100.79
,2:00:00 PM,23.24,17.74
,3:00:00 PM,71.02,71.02
,4:00:00 PM,170.24,170.24
,5:00:00 PM,741.52,741.52
,6:00:00 PM,2451.2,2451.2
,7:00:00 PM,494.01,494.01
,8:00:00 PM,1703.54,1588.54
,9:00:00 PM,293.9,279.9
,10:00:00 PM,0,0
,11:00:00 PM,0,0
09/11/2025,,,
,12:00:00 AM,0,0
,1:00:00 AM,0,0
,2:00:00 AM,0,0
,3:00:00 AM,0,0
,4:00:00 AM,0,0
,5:00:00 AM,0,0
,6:00:00 AM,0,0
,7:00:00 AM,252.47,246.47
,8:00:00 AM,195.74,176.34
,9:00:00 AM,54.65,50.55
,10:00:00 AM,40.6,37.5
,11:00:00 AM,172,159
,12:00:00 PM,104.28,100.38
,1:00:00 PM,392.17,392.17
,2:00:00 PM,0,0
,3:00:00 PM,0,0
,4:00:00 PM,621.42,621.42
,5:00:00 PM,745.69,745.69
,6:00:00 PM,1702.37,1702.37
,7:00:00 PM,326.9,326.9
,8:00:00 PM,1414.34,1414.34
,9:00:00 PM,1664.76,1664.76
,10:00:00 PM,0,0
,11:00:00 PM,0,0
09/12/2025,,,
,12:00:00 AM,0,0
,1:00:00 AM,0,0
,2:00:00 AM,0,0
,3:00:00 AM,0,0
,4:00:00 AM,0,0
,5:00:00 AM,0,0
,6:00:00 AM,0,0
,7:00:00 AM,80.07,79.27
,8:00:00 AM,146.21,146.21
,9:00:00 AM,249.07,248.37
,10:00:00 AM,128.98,125.18
,11:00:00 AM,427.07,424.97
,12:00:00 PM,76.2,75.2
,1:00:00 PM,242.24,240.84
,2:00:00 PM,0,0
,3:00:00 PM,132.89,67.89
,4:00:00 PM,606.79,606.79
,5:00:00 PM,501.31,501.31
,6:00:00 PM,2247.55,2247.55
,7:00:00 PM,1015.16,1015.16
,8:00:00 PM,1212.55,1212.55
,9:00:00 PM,1724.64,1708.64
,10:00:00 PM,0,0
,11:00:00 PM,0,0
09/13/2025,,,
,12:00:00 AM,0,0
,1:00:00 AM,0,0
,2:00:00 AM,0,0
,3:00:00 AM,0,0
,4:00:00 AM,0,0
,5:00:00 AM,0,0
,6:00:00 AM,0,0
,7:00:00 AM,173.89,173.89
,8:00:00 AM,280.59,280.59
,9:00:00 AM,205.65,203.35
,10:00:00 AM,299.72,299.02
,11:00:00 AM,263.01,263.01
,12:00:00 PM,468.64,461.74
,1:00:00 PM,153.67,133.3
,2:00:00 PM,53.26,53.26
,3:00:00 PM,0,0
,4:00:00 PM,1432.92,1432.92
,5:00:00 PM,119.06,119.06
,6:00:00 PM,1872.61,1872.61
,7:00:00 PM,1523.78,1523.78
,8:00:00 PM,1315.95,1315.95
,9:00:00 PM,1743.85,1743.85
,10:00:00 PM,0,0
,11:00:00 PM,0,0
09/14/2025,,,
,12:00:00 AM,0,0
,1:00:00 AM,0,0
,2:00:00 AM,0,0
,3:00:00 AM,0,0
,4:00:00 AM,0,0
,5:00:00 AM,0,0
,6:00:00 AM,0,0
,7:00:00 AM,0,0
,8:00:00 AM,0,0
,9:00:00 AM,0,0
,10:00:00 AM,0,0
,11:00:00 AM,0,0
,12:00:00 PM,0,0
,1:00:00 PM,0,0
,2:00:00 PM,0,0
,3:00:00 PM,0,0
,4:00:00 PM,0,0
,5:00:00 PM,0,0
,6:00:00 PM,0,0
,7:00:00 PM,0,0
,8:00:00 PM,0,0
,9:00:00 PM,0,0
,10:00:00 PM,0,0
,11:00:00 PM,0,0
09/15/2025,,,
,12:00:00 AM,0,0
,1:00:00 AM,0,0
,2:00:00 AM,0,0
,3:00:00 AM,0,0
,4:00:00 AM,0,0
,5:00:00 AM,0,0
,6:00:00 AM,0,0
,7:00:00 AM,0,0
,8:00:00 AM,0,0
,9:00:00 AM,0,0
,10:00:00 AM,0,0
,11:00:00 AM,0,0
,12:00:00 PM,0,0
,1:00:00 PM,0,0
,2:00:00 PM,0,0
,3:00:00 PM,0,0
,4:00:00 PM,0,0
,5:00:00 PM,0,0
,6:00:00 PM,0,0
,7:00:00 PM,0,0
,8:00:00 PM,0,0
,9:00:00 PM,0,0
,10:00:00 PM,0,0
,11:00:00 PM,0,0
09/16/2025,,,
,12:00:00 AM,0,0
,1:00:00 AM,0,0
,2:00:00 AM,0,0
,3:00:00 AM,0,0
,4:00:00 AM,0,0
,5:00:00 AM,0,0
,6:00:00 AM,0,0
,7:00:00 AM,0,0
,8:00:00 AM,0,0
,9:00:00 AM,0,0
,10:00:00 AM,0,0
,11:00:00 AM,0,0
,12:00:00 PM,0,0
,1:00:00 PM,0,0
,2:00:00 PM,71.58,60.58
,3:00:00 PM,0,0
,4:00:00 PM,0,0
,5:00:00 PM,0,0
,6:00:00 PM,0,0
,7:00:00 PM,0,0
,8:00:00 PM,0,0
,9:00:00 PM,0,0
,10:00:00 PM,0,0
,11:00:00 PM,0,0
09/17/2025,,,
,12:00:00 AM,0,0
,1:00:00 AM,0,0
,2:00:00 AM,0,0
,3:00:00 AM,0,0
,4:00:00 AM,0,0
,5:00:00 AM,0,0
,6:00:00 AM,0,0
,7:00:00 AM,123.77,123.77
,8:00:00 AM,134.71,122.81
,9:00:00 AM,31.85,31.85
,10:00:00 AM,264.26,253.36
,11:00:00 AM,132.64,132.64
,12:00:00 PM,310.92,303.77
,1:00:00 PM,447.01,447.01
,2:00:00 PM,12.53,12.53
,3:00:00 PM,0,0
,4:00:00 PM,195.3,195.3
,5:00:00 PM,221.41,221.41
,6:00:00 PM,919.07,919.07
,7:00:00 PM,2033.44,2033.44
,8:00:00 PM,2012.55,2012.55
,9:00:00 PM,618.28,618.28
,10:00:00 PM,0,0
,11:00:00 PM,0,0
09/18/2025,,,
,12:00:00 AM,0,0
,1:00:00 AM,0,0
,2:00:00 AM,0,0
,3:00:00 AM,0,0
,4:00:00 AM,0,0
,5:00:00 AM,0,0
,6:00:00 AM,0,0
,7:00:00 AM,60.53,54.83
,8:00:00 AM,76.02,74.92
,9:00:00 AM,188.37,173.27
,10:00:00 AM,92.27,88.72
,11:00:00 AM,30.14,26.64
,12:00:00 PM,106.02,70.72
,1:00:00 PM,124.49,122.74
,2:00:00 PM,0,0
,3:00:00 PM,0,0
,4:00:00 PM,1241.81,1241.81
,5:00:00 PM,2045.96,2045.96
,6:00:00 PM,1468.45,1468.45
,7:00:00 PM,1338.92,1338.92
,8:00:00 PM,1842.41,1842.41
,9:00:00 PM,1068.02,918.02
,10:00:00 PM,0,0
,11:00:00 PM,0,0
09/19/2025,,,
,12:00:00 AM,0,0
,1:00:00 AM,0,0
,2:00:00 AM,0,0
,3:00:00 AM,0,0
,4:00:00 AM,0,0
,5:00:00 AM,0,0
,6:00:00 AM,0,0
,7:00:00 AM,53.52,47.47
,8:00:00 AM,113.84,113.84
,9:00:00 AM,223.83,220.23
,10:00:00 AM,263.6,238.1
,11:00:00 AM,226.63,226.63
,12:00:00 PM,196.22,192.92
,1:00:00 PM,91.9,91.9
,2:00:00 PM,0,0
,3:00:00 PM,8,8
,4:00:00 PM,767.62,767.62
,5:00:00 PM,1200.01,1200.01
,6:00:00 PM,1917.5,1917.5
,7:00:00 PM,490.87,490.87
,8:00:00 PM,1711.77,1711.77
,9:00:00 PM,1190.61,1190.61
,10:00:00 PM,0,0
,11:00:00 PM,0,0
09/20/2025,,,
,12:00:00 AM,0,0
,1:00:00 AM,0,0
,2:00:00 AM,0,0
,3:00:00 AM,0,0
,4:00:00 AM,0,0
,5:00:00 AM,0,0
,6:00:00 AM,0,0
,7:00:00 AM,100.78,100.78
,8:00:00 AM,89.11,88.41
,9:00:00 AM,375.31,371.76
,10:00:00 AM,201.58,201.58
,11:00:00 AM,280.16,270.46
,12:00:00 PM,191.32,184.02
,1:00:00 PM,61.62,61.62
,2:00:00 PM,0,0
,3:00:00 PM,0,0
,4:00:00 PM,227.68,227.68
,5:00:00 PM,1799.5,1799.5
,6:00:00 PM,1763.99,1763.99
,7:00:00 PM,1490.36,1490.36
,8:00:00 PM,1351.45,1351.45
,9:00:00 PM,1004.72,1004.72
,10:00:00 PM,0,0
,11:00:00 PM,0,0
09/21/2025,,,
,12:00:00 AM,0,0
,1:00:00 AM,0,0
,2:00:00 AM,0,0
,3:00:00 AM,0,0
,4:00:00 AM,0,0
,5:00:00 AM,0,0
,6:00:00 AM,0,0
,7:00:00 AM,0,0
,8:00:00 AM,0,0
,9:00:00 AM,0,0
,10:00:00 AM,0,0
,11:00:00 AM,0,0
,12:00:00 PM,0,0
,1:00:00 PM,0,0
,2:00:00 PM,0,0
,3:00:00 PM,0,0
,4:00:00 PM,0,0
,5:00:00 PM,0,0
,6:00:00 PM,0,0
,7:00:00 PM,0,0
,8:00:00 PM,0,0
,9:00:00 PM,0,0
,10:00:00 PM,0,0
,11:00:00 PM,0,0
09/22/2025,,,
,12:00:00 AM,0,0
,1:00:00 AM,0,0
,2:00:00 AM,0,0
,3:00:00 AM,0,0
,4:00:00 AM,0,0
,5:00:00 AM,0,0
,6:00:00 AM,0,0
,7:00:00 AM,0,0
,8:00:00 AM,0,0
,9:00:00 AM,0,0
,10:00:00 AM,0,0
,11:00:00 AM,0,0
,12:00:00 PM,0,0
,1:00:00 PM,0,0
,2:00:00 PM,159.92,159.92
,3:00:00 PM,0,0
,4:00:00 PM,0,0
,5:00:00 PM,0,0
,6:00:00 PM,0,0
,7:00:00 PM,0,0
,8:00:00 PM,0,0
,9:00:00 PM,0,0
,10:00:00 PM,0,0
,11:00:00 PM,0,0
09/23/2025,,,
,12:00:00 AM,0,0
,1:00:00 AM,0,0
,2:00:00 AM,0,0
,3:00:00 AM,0,0
,4:00:00 AM,0,0
,5:00:00 AM,0,0
,6:00:00 AM,0,0
,7:00:00 AM,0,0
,8:00:00 AM,0,0
,9:00:00 AM,0,0
,10:00:00 AM,0,0
,11:00:00 AM,0,0
,12:00:00 PM,0,0
,1:00:00 PM,0,0
,2:00:00 PM,0,0
,3:00:00 PM,0,0
,4:00:00 PM,0,0
,5:00:00 PM,0,0
,6:00:00 PM,0,0
,7:00:00 PM,0,0
,8:00:00 PM,0,0
,9:00:00 PM,0,0
,10:00:00 PM,0,0
,11:00:00 PM,0,0
09/24/2025,,,
,12:00:00 AM,0,0
,1:00:00 AM,0,0
,2:00:00 AM,0,0
,3:00:00 AM,0,0
,4:00:00 AM,0,0
,5:00:00 AM,0,0
,6:00:00 AM,0,0
,7:00:00 AM,128.98,128.98
,8:00:00 AM,147.78,147.78
,9:00:00 AM,67.36,67.36
,10:00:00 AM,323.65,320.95
,11:00:00 AM,400.98,399.48
,12:00:00 PM,370.24,370.24
,1:00:00 PM,291.92,291.92
,2:00:00 PM,0,0
,3:00:00 PM,34.75,34.75
,4:00:00 PM,1375.48,1375.48
,5:00:00 PM,624.55,624.55
,6:00:00 PM,2132.66,2132.66
,7:00:00 PM,580.69,580.69
,8:00:00 PM,1016.21,1016.21
,9:00:00 PM,1752.51,1752.51
,10:00:00 PM,0,0
,11:00:00 PM,0,0
09/25/2025,,,
,12:00:00 AM,0,0
,1:00:00 AM,0,0
,2:00:00 AM,0,0
,3:00:00 AM,0,0
,4:00:00 AM,0,0
,5:00:00 AM,0,0
,6:00:00 AM,0,0
,7:00:00 AM,124.28,124.28
,8:00:00 AM,96.04,95.24
,9:00:00 AM,215.39,208.89
,10:00:00 AM,144.44,133.59
,11:00:00 AM,148.71,146.01
,12:00:00 PM,297.1,296.3
,1:00:00 PM,24.02,24.02
,2:00:00 PM,47.6,37.7
,3:00:00 PM,0,0
,4:00:00 PM,816.72,816.72
,5:00:00 PM,396.23,396.23
,6:00:00 PM,2020.64,1990.64
,7:00:00 PM,1394.28,1394.28
,8:00:00 PM,1703.42,1703.42
,9:00:00 PM,1012.02,1012.02
,10:00:00 PM,0,0
,11:00:00 PM,0,0
09/26/2025,,,
,12:00:00 AM,0,0
,1:00:00 AM,0,0
,2:00:00 AM,0,0
,3:00:00 AM,0,0
,4:00:00 AM,0,0
,5:00:00 AM,0,0
,6:00:00 AM,0,0
,7:00:00 AM,186.88,185.28
,8:00:00 AM,73.04,71.24
,9:00:00 AM,295.44,292.44
,10:00:00 AM,105.44,104.29
,11:00:00 AM,234.47,222.47
,12:00:00 PM,33.42,33.42
,1:00:00 PM,143.71,134.36
,2:00:00 PM,74.58,60.78
,3:00:00 PM,0,0
,4:00:00 PM,818.81,818.81
,5:00:00 PM,732.12,732.12
,6:00:00 PM,1616.73,1616.73
,7:00:00 PM,1794.28,1794.28
,8:00:00 PM,1903.94,1903.94
,9:00:00 PM,869.98,869.98
,10:00:00 PM,0,0
,11:00:00 PM,0,0
09/27/2025,,,
,12:00:00 AM,0,0
,1:00:00 AM,0,0
,2:00:00 AM,0,0
,3:00:00 AM,0,0
,4:00:00 AM,0,0
,5:00:00 AM,0,0
,6:00:00 AM,0,0
,7:00:00 AM,39.17,39.17
,8:00:00 AM,265.68,261.68
,9:00:00 AM,630.84,630.84
,10:00:00 AM,181.72,181.72
,11:00:00 AM,301.83,301.83
,12:00:00 PM,68.93,68.93
,1:00:00 PM,298.19,298.19
,2:00:00 PM,0,0
,3:00:00 PM,89.82,89.82
,4:00:00 PM,561.89,561.89
,5:00:00 PM,1176.84,1176.84
,6:00:00 PM,2694.55,2694.55
,7:00:00 PM,0,0
,8:00:00 PM,2411.51,2411.51
,9:00:00 PM,249.61,249.61
,10:00:00 PM,0,0
,11:00:00 PM,0,0
09/28/2025,,,
,12:00:00 AM,0,0
,1:00:00 AM,0,0
,2:00:00 AM,0,0
,3:00:00 AM,0,0
,4:00:00 AM,0,0
,5:00:00 AM,0,0
,6:00:00 AM,0,0
,7:00:00 AM,0,0
,8:00:00 AM,0,0
,9:00:00 AM,0,0
,10:00:00 AM,0,0
,11:00:00 AM,0,0
,12:00:00 PM,0,0
,1:00:00 PM,0,0
,2:00:00 PM,0,0
,3:00:00 PM,0,0
,4:00:00 PM,0,0
,5:00:00 PM,0,0
,6:00:00 PM,0,0
,7:00:00 PM,0,0
,8:00:00 PM,0,0
,9:00:00 PM,0,0
,10:00:00 PM,0,0
,11:00:00 PM,0,0
09/29/2025,,,
,12:00:00 AM,0,0
,1:00:00 AM,0,0
,2:00:00 AM,0,0
,3:00:00 AM,0,0
,4:00:00 AM,0,0
,5:00:00 AM,0,0
,6:00:00 AM,0,0
,7:00:00 AM,0,0
,8:00:00 AM,0,0
,9:00:00 AM,0,0
,10:00:00 AM,0,0
,11:00:00 AM,0,0
,12:00:00 PM,0,0
,1:00:00 PM,0,0
,2:00:00 PM,8.18,4.18
,3:00:00 PM,0,0
,4:00:00 PM,0,0
,5:00:00 PM,0,0
,6:00:00 PM,0,0
,7:00:00 PM,0,0
,8:00:00 PM,0,0
,9:00:00 PM,0,0
,10:00:00 PM,0,0
,11:00:00 PM,0,0
09/30/2025,,,
,12:00:00 AM,0,0
,1:00:00 AM,0,0
,2:00:00 AM,0,0
,3:00:00 AM,0,0
,4:00:00 AM,0,0
,5:00:00 AM,0,0
,6:00:00 AM,0,0
,7:00:00 AM,0,0
,8:00:00 AM,0,0
,9:00:00 AM,0,0
,10:00:00 AM,0,0
,11:00:00 AM,0,0
,12:00:00 PM,0,0
,1:00:00 PM,0,0
,2:00:00 PM,0,0
,3:00:00 PM,0,0
,4:00:00 PM,0,0
,5:00:00 PM,7.16,3.66
,6:00:00 PM,0,0
,7:00:00 PM,0,0
,8:00:00 PM,0,0
,9:00:00 PM,0,0
,10:00:00 PM,0,0
,11:00:00 PM,0,0
10/01/2025,,,
,12:00:00 AM,0,0
,1:00:00 AM,0,0
,2:00:00 AM,0,0
,3:00:00 AM,0,0
,4:00:00 AM,0,0
,5:00:00 AM,0,0
,6:00:00 AM,0,0
,7:00:00 AM,173.5,171.9
,8:00:00 AM,75.2,75.2
,9:00:00 AM,159.69,157.24
,10:00:00 AM,424.03,420.63
,11:00:00 AM,167.1,167.1
,12:00:00 PM,215.6,213.8
,1:00:00 PM,107.57,84.17
,2:00:00 PM,0,0
,3:00:00 PM,0,0
,4:00:00 PM,1079.91,1079.91
,5:00:00 PM,567.32,567.32
,6:00:00 PM,1600.02,1600.02
,7:00:00 PM,1530.06,1530.06
,8:00:00 PM,1519.6,1519.6
,9:00:00 PM,1465.23,1064.23
,10:00:00 PM,0,0
,11:00:00 PM,0,0
10/02/2025,,,
,12:00:00 AM,0,0
,1:00:00 AM,0,0
,2:00:00 AM,0,0
,3:00:00 AM,0,0
,4:00:00 AM,0,0
,5:00:00 AM,0,0
,6:00:00 AM,0,0
,7:00:00 AM,348.77,347.37
,8:00:00 AM,217.55,212.95
,9:00:00 AM,167.69,166.39
,10:00:00 AM,103.97,93.47
,11:00:00 AM,104.09,95.99
,12:00:00 PM,176.42,174.42
,1:00:00 PM,306.76,295.46
,2:00:00 PM,0,0
,3:00:00 PM,0,0
,4:00:00 PM,469.98,469.98
,5:00:00 PM,581.73,581.73
,6:00:00 PM,2123.26,2123.26
,7:00:00 PM,972.33,972.33
,8:00:00 PM,1488.69,1474.69
,9:00:00 PM,916.98,916.98
,10:00:00 PM,0,0
,11:00:00 PM,0,0
10/03/2025,,,
,12:00:00 AM,0,0
,1:00:00 AM,0,0
,2:00:00 AM,0,0
,3:00:00 AM,0,0
,4:00:00 AM,0,0
,5:00:00 AM,0,0
,6:00:00 AM,0,0
,7:00:00 AM,111.23,111.23
,8:00:00 AM,233.89,232.49
,9:00:00 AM,43.32,42.87
,10:00:00 AM,327.47,316.67
,11:00:00 AM,131.51,129.41
,12:00:00 PM,349.04,348.34
,1:00:00 PM,112.29,100.79
,2:00:00 PM,12.21,5.01
,3:00:00 PM,0,0
,4:00:00 PM,1335.79,1335.79
,5:00:00 PM,336.3,336.3
,6:00:00 PM,1725.35,1725.35
,7:00:00 PM,841.79,841.79
,8:00:00 PM,1580.18,1580.18
,9:00:00 PM,1640.74,1640.74
,10:00:00 PM,0,0
,11:00:00 PM,0,0
10/04/2025,,,
,12:00:00 AM,0,0
,1:00:00 AM,0,0
,2:00:00 AM,0,0
,3:00:00 AM,0,0
,4:00:00 AM,0,0
,5:00:00 AM,0,0
,6:00:00 AM,0,0
,7:00:00 AM,11.49,11.49
,8:00:00 AM,392.93,392.93
,9:00:00 AM,196.87,196.87
,10:00:00 AM,519.04,511.84
,11:00:00 AM,259.55,259.55
,12:00:00 PM,345.58,322.68
,1:00:00 PM,269.11,261.61
,2:00:00 PM,0,0
,3:00:00 PM,31.33,31.33
,4:00:00 PM,614.1,614.1
,5:00:00 PM,842.83,842.83
,6:00:00 PM,2137.88,2137.88
,7:00:00 PM,1106.57,1076.57
,8:00:00 PM,2317.4,2173.4
,9:00:00 PM,773.9,773.9
,10:00:00 PM,0,0
,11:00:00 PM,0,0
10/05/2025,,,
,12:00:00 AM,0,0
,1:00:00 AM,0,0
,2:00:00 AM,0,0
,3:00:00 AM,0,0
,4:00:00 AM,0,0
,5:00:00 AM,0,0
,6:00:00 AM,0,0
,7:00:00 AM,0,0
,8:00:00 AM,0,0
,9:00:00 AM,0,0
,10:00:00 AM,0,0
,11:00:00 AM,0,0
,12:00:00 PM,0,0
,1:00:00 PM,0,0
,2:00:00 PM,0,0
,3:00:00 PM,0,0
,4:00:00 PM,0,0
,5:00:00 PM,0,0
,6:00:00 PM,0,0
,7:00:00 PM,0,0
,8:00:00 PM,0,0
,9:00:00 PM,0,0
,10:00:00 PM,0,0
,11:00:00 PM,0,0
10/06/2025,,,
,12:00:00 AM,0,0
,1:00:00 AM,0,0
,2:00:00 AM,0,0
,3:00:00 AM,0,0
,4:00:00 AM,0,0
,5:00:00 AM,0,0
,6:00:00 AM,0,0
,7:00:00 AM,0,0
,8:00:00 AM,0,0
,9:00:00 AM,0,0
,10:00:00 AM,0,0
,11:00:00 AM,0,0
,12:00:00 PM,0,0
,1:00:00 PM,0,0
,2:00:00 PM,0,0
,3:00:00 PM,0,0
,4:00:00 PM,0,0
,5:00:00 PM,0,0
,6:00:00 PM,0,0
,7:00:00 PM,0,0
,8:00:00 PM,0,0
,9:00:00 PM,0,0
,10:00:00 PM,0,0
,11:00:00 PM,0,0
10/07/2025,,,
,12:00:00 AM,0,0
,1:00:00 AM,0,0
,2:00:00 AM,0,0
,3:00:00 AM,0,0
,4:00:00 AM,0,0
,5:00:00 AM,0,0
,6:00:00 AM,0,0
,7:00:00 AM,0,0
,8:00:00 AM,0,0
,9:00:00 AM,0,0
,10:00:00 AM,780,780
,11:00:00 AM,0,0
,12:00:00 PM,0,0
,1:00:00 PM,0,0
,2:00:00 PM,0,0
,3:00:00 PM,0,0
,4:00:00 PM,0,0
,5:00:00 PM,0,0
,6:00:00 PM,0,0
,7:00:00 PM,0,0
,8:00:00 PM,0,0
,9:00:00 PM,0,0
,10:00:00 PM,0,0
,11:00:00 PM,0,0
10/08/2025,,,
,12:00:00 AM,0,0
,1:00:00 AM,0,0
,2:00:00 AM,0,0
,3:00:00 AM,0,0
,4:00:00 AM,0,0
,5:00:00 AM,0,0
,6:00:00 AM,0,0
,7:00:00 AM,110.68,109.98
,8:00:00 AM,335.25,335.25
,9:00:00 AM,185.72,181.52
,10:00:00 AM,222.02,219.62
,11:00:00 AM,405.72,405.02
,12:00:00 PM,93.73,93.13
,1:00:00 PM,67.36,67.36
,2:00:00 PM,0,0
,3:00:00 PM,0,0
,4:00:00 PM,295.57,295.57
,5:00:00 PM,701.84,701.84
,6:00:00 PM,2115.96,2115.96
,7:00:00 PM,767.38,526.38
,8:00:00 PM,1365.04,1365.04
,9:00:00 PM,1178.1,1178.1
,10:00:00 PM,0,0
,11:00:00 PM,0,0
10/09/2025,,,
,12:00:00 AM,0,0
,1:00:00 AM,0,0
,2:00:00 AM,0,0
,3:00:00 AM,0,0
,4:00:00 AM,0,0
,5:00:00 AM,0,0
,6:00:00 AM,0,0
,7:00:00 AM,157.65,156.25
,8:00:00 AM,43.99,23.29
,9:00:00 AM,72.07,72.07
,10:00:00 AM,90.81,89.61
,11:00:00 AM,109.16,104.06
,12:00:00 PM,162.86,154.36
,1:00:00 PM,177.55,177.55
,2:00:00 PM,8,8
,3:00:00 PM,0,0
,4:00:00 PM,353,353
,5:00:00 PM,1309.68,1309.68
,6:00:00 PM,2026.14,2026.14
,7:00:00 PM,791.66,791.66
,8:00:00 PM,1879.91,1879.91
,9:00:00 PM,1084.28,994.28
,10:00:00 PM,0,0
,11:00:00 PM,0,0
10/10/2025,,,
,12:00:00 AM,0,0
,1:00:00 AM,0,0
,2:00:00 AM,0,0
,3:00:00 AM,0,0
,4:00:00 AM,0,0
,5:00:00 AM,0,0
,6:00:00 AM,0,0
,7:00:00 AM,487.73,487.73
,8:00:00 AM,358.75,358.75
,9:00:00 AM,147.5,147.5
,10:00:00 AM,314.87,314.17
,11:00:00 AM,22.91,21.31
,12:00:00 PM,287.33,285.33
,1:00:00 PM,147.27,147.27
,2:00:00 PM,13.23,5.43
,3:00:00 PM,0,0
,4:00:00 PM,928.48,928.48
,5:00:00 PM,0,0
,6:00:00 PM,1688.78,1688.78
,7:00:00 PM,1183.3,1183.3
,8:00:00 PM,2186.99,2186.99
,9:00:00 PM,1052.76,1052.76
,10:00:00 PM,0,0
,11:00:00 PM,0,0
10/11/2025,,,
,12:00:00 AM,0,0
,1:00:00 AM,0,0
,2:00:00 AM,0,0
,3:00:00 AM,0,0
,4:00:00 AM,0,0
,5:00:00 AM,0,0
,6:00:00 AM,0,0
,7:00:00 AM,40.7,39.9
,8:00:00 AM,116.97,116.97
,9:00:00 AM,326.91,326.91
,10:00:00 AM,256.4,256.4
,11:00:00 AM,293.08,293.08
,12:00:00 PM,334.07,330.57
,1:00:00 PM,133.36,133.36
,2:00:00 PM,93.14,50.34
,3:00:00 PM,0,0
,4:00:00 PM,451.18,451.18
,5:00:00 PM,843.88,843.88
,6:00:00 PM,1349.36,1349.36
,7:00:00 PM,913.03,913.03
,8:00:00 PM,1194.79,1194.79
,9:00:00 PM,1754.6,1754.6
,10:00:00 PM,0,0
,11:00:00 PM,0,0
10/12/2025,,,
,12:00:00 AM,0,0
,1:00:00 AM,0,0
,2:00:00 AM,0,0
,3:00:00 AM,0,0
,4:00:00 AM,0,0
,5:00:00 AM,0,0
,6:00:00 AM,0,0
,7:00:00 AM,0,0
,8:00:00 AM,0,0
,9:00:00 AM,0,0
,10:00:00 AM,0,0
,11:00:00 AM,0,0
,12:00:00 PM,0,0
,1:00:00 PM,0,0
,2:00:00 PM,0,0
,3:00:00 PM,0,0
,4:00:00 PM,0,0
,5:00:00 PM,0,0
,6:00:00 PM,0,0
,7:00:00 PM,0,0
,8:00:00 PM,0,0
,9:00:00 PM,0,0
,10:00:00 PM,0,0
,11:00:00 PM,0,0
10/13/2025,,,
,12:00:00 AM,0,0
,1:00:00 AM,0,0
,2:00:00 AM,0,0
,3:00:00 AM,0,0
,4:00:00 AM,0,0
,5:00:00 AM,0,0
,6:00:00 AM,0,0
,7:00:00 AM,0,0
,8:00:00 AM,0,0
,9:00:00 AM,0,0
,10:00:00 AM,0,0
,11:00:00 AM,0,0
,12:00:00 PM,0,0
,1:00:00 PM,0,0
,2:00:00 PM,0,0
,3:00:00 PM,0,0
,4:00:00 PM,0,0
,5:00:00 PM,0,0
,6:00:00 PM,0,0
,7:00:00 PM,0,0
,8:00:00 PM,0,0
,9:00:00 PM,0,0
,10:00:00 PM,0,0
,11:00:00 PM,0,0
10/14/2025,,,
,12:00:00 AM,0,0
,1:00:00 AM,0,0
,2:00:00 AM,0,0
,3:00:00 AM,0,0
,4:00:00 AM,0,0
,5:00:00 AM,0,0
,6:00:00 AM,0,0
,7:00:00 AM,0,0
,8:00:00 AM,0,0
,9:00:00 AM,0,0
,10:00:00 AM,0,0
,11:00:00 AM,0,0
,12:00:00 PM,0,0
,1:00:00 PM,4066.14,4066.14
,2:00:00 PM,0,0
,3:00:00 PM,0,0
,4:00:00 PM,0,0
,5:00:00 PM,0,0
,6:00:00 PM,0,0
,7:00:00 PM,0,0
,8:00:00 PM,0,0
,9:00:00 PM,0,0
,10:00:00 PM,0,0
,11:00:00 PM,0,0
10/15/2025,,,
,12:00:00 AM,0,0
,1:00:00 AM,0,0
,2:00:00 AM,0,0
,3:00:00 AM,0,0
,4:00:00 AM,0,0
,5:00:00 AM,0,0
,6:00:00 AM,0,0
,7:00:00 AM,20.89,20.89
,8:00:00 AM,284.57,283.92
,9:00:00 AM,163.45,163.45
,10:00:00 AM,1226.78,1222.78
,11:00:00 AM,254.83,254.83
,12:00:00 PM,24.54,24.54
,1:00:00 PM,140.38,126.58
,2:00:00 PM,0,0
,3:00:00 PM,0,0
,4:00:00 PM,236.03,236.03
,5:00:00 PM,1313.24,1313.24
,6:00:00 PM,802.1,802.1
,7:00:00 PM,1619.15,1619.15
,8:00:00 PM,1844.4,1844.4
,9:00:00 PM,534.26,534.26
,10:00:00 PM,0,0
,11:00:00 PM,0,0
10/16/2025,,,
,12:00:00 AM,0,0
,1:00:00 AM,0,0
,2:00:00 AM,0,0
,3:00:00 AM,0,0
,4:00:00 AM,0,0
,5:00:00 AM,0,0
,6:00:00 AM,0,0
,7:00:00 AM,67.9,67.9
,8:00:00 AM,247.27,235.67
,9:00:00 AM,283.54,283.14
,10:00:00 AM,291.86,291.06
,11:00:00 AM,4.18,4.18
,12:00:00 PM,305.9,288.25
,1:00:00 PM,138.95,122.45
,2:00:00 PM,15.27,6.27
,3:00:00 PM,24,24
,4:00:00 PM,357.46,357.46
,5:00:00 PM,731.07,731.07
,6:00:00 PM,2401.06,2401.06
,7:00:00 PM,257.97,257.97
,8:00:00 PM,1936.31,1936.31
,9:00:00 PM,813.58,813.58
,10:00:00 PM,0,0
,11:00:00 PM,0,0
10/17/2025,,,
,12:00:00 AM,0,0
,1:00:00 AM,0,0
,2:00:00 AM,0,0
,3:00:00 AM,0,0
,4:00:00 AM,0,0
,5:00:00 AM,0,0
,6:00:00 AM,20.89,20.89
,7:00:00 AM,68.41,68.41
,8:00:00 AM,210.99,210.99
,9:00:00 AM,146.57,146.57
,10:00:00 AM,151.94,151.24
,11:00:00 AM,123.78,123.78
,12:00:00 PM,432.33,431.03
,1:00:00 PM,36.03,36.03
,2:00:00 PM,29.25,29.25
,3:00:00 PM,0,0
,4:00:00 PM,997.4,997.4
,5:00:00 PM,833.43,833.43
,6:00:00 PM,2626.76,2626.76
,7:00:00 PM,308.1,308.1
,8:00:00 PM,2484.02,2470.02
,9:00:00 PM,166,166
,10:00:00 PM,0,0
,11:00:00 PM,0,0
10/18/2025,,,
,12:00:00 AM,0,0
,1:00:00 AM,0,0
,2:00:00 AM,0,0
,3:00:00 AM,0,0
,4:00:00 AM,0,0
,5:00:00 AM,0,0
,6:00:00 AM,0,0
,7:00:00 AM,156.75,156.75
,8:00:00 AM,389.47,387.77
,9:00:00 AM,366.29,366.29
,10:00:00 AM,223.5,223.5
,11:00:00 AM,244.93,244.93
,12:00:00 PM,277.82,277.82
,1:00:00 PM,296.81,274.66
,2:00:00 PM,99.39,91.64
,3:00:00 PM,0,0
,4:00:00 PM,1201.05,1201.05
,5:00:00 PM,125.33,125.33
,6:00:00 PM,2831.37,2831.37
,7:00:00 PM,0,0
,8:00:00 PM,2276.8,2276.8
,9:00:00 PM,1238.67,1238.67
,10:00:00 PM,0,0
,11:00:00 PM,0,0
10/19/2025,,,
,12:00:00 AM,0,0
,1:00:00 AM,0,0
,2:00:00 AM,0,0
,3:00:00 AM,0,0
,4:00:00 AM,0,0
,5:00:00 AM,0,0
,6:00:00 AM,0,0
,7:00:00 AM,0,0
,8:00:00 AM,0,0
,9:00:00 AM,0,0
,10:00:00 AM,0,0
,11:00:00 AM,0,0
,12:00:00 PM,0,0
,1:00:00 PM,0,0
,2:00:00 PM,0,0
,3:00:00 PM,0,0
,4:00:00 PM,0,0
,5:00:00 PM,0,0
,6:00:00 PM,0,0
,7:00:00 PM,0,0
,8:00:00 PM,0,0
,9:00:00 PM,0,0
,10:00:00 PM,0,0
,11:00:00 PM,0,0
10/20/2025,,,
,12:00:00 AM,0,0
,1:00:00 AM,0,0
,2:00:00 AM,0,0
,3:00:00 AM,0,0
,4:00:00 AM,0,0
,5:00:00 AM,0,0
,6:00:00 AM,0,0
,7:00:00 AM,0,0
,8:00:00 AM,0,0
,9:00:00 AM,0,0
,10:00:00 AM,0,0
,11:00:00 AM,0,0
,12:00:00 PM,0,0
,1:00:00 PM,0,0
,2:00:00 PM,0,0
,3:00:00 PM,0,0
,4:00:00 PM,0,0
,5:00:00 PM,0,0
,6:00:00 PM,0,0
,7:00:00 PM,0,0
,8:00:00 PM,0,0
,9:00:00 PM,0,0
,10:00:00 PM,0,0
,11:00:00 PM,0,0
10/21/2025,,,
,12:00:00 AM,0,0
,1:00:00 AM,0,0
,2:00:00 AM,0,0
,3:00:00 AM,0,0
,4:00:00 AM,0,0
,5:00:00 AM,0,0
,6:00:00 AM,0,0
,7:00:00 AM,0,0
,8:00:00 AM,0,0
,9:00:00 AM,0,0
,10:00:00 AM,0,0
,11:00:00 AM,0,0
,12:00:00 PM,0,0
,1:00:00 PM,0,0
,2:00:00 PM,0,0
,3:00:00 PM,0,0
,4:00:00 PM,0,0
,5:00:00 PM,0,0
,6:00:00 PM,0,0
,7:00:00 PM,0,0
,8:00:00 PM,0,0
,9:00:00 PM,0,0
,10:00:00 PM,0,0
,11:00:00 PM,0,0
10/22/2025,,,
,12:00:00 AM,0,0
,1:00:00 AM,0,0
,2:00:00 AM,0,0
,3:00:00 AM,0,0
,4:00:00 AM,0,0
,5:00:00 AM,0,0
,6:00:00 AM,10,10
,7:00:00 AM,56.41,56.41
,8:00:00 AM,257.12,257.12
,9:00:00 AM,390.3,390.3
,10:00:00 AM,219.79,219.79
,11:00:00 AM,327.33,325.23
,12:00:00 PM,338.28,323.88
,1:00:00 PM,175.12,173.72
,2:00:00 PM,0,0
,3:00:00 PM,0,0
,4:00:00 PM,291,291
,5:00:00 PM,2466.62,2390.62
,6:00:00 PM,622.46,622.46
,7:00:00 PM,907.58,907.58
,8:00:00 PM,1944.81,1944.81
,9:00:00 PM,436.56,436.56
,10:00:00 PM,0,0
,11:00:00 PM,0,0
10/23/2025,,,
,12:00:00 AM,0,0
,1:00:00 AM,0,0
,2:00:00 AM,0,0
,3:00:00 AM,0,0
,4:00:00 AM,0,0
,5:00:00 AM,0,0
,6:00:00 AM,0,0
,7:00:00 AM,41.2,39.9
,8:00:00 AM,146.18,145.38
,9:00:00 AM,228.05,224.45
,10:00:00 AM,140.91,138.91
,11:00:00 AM,97.31,77.91
,12:00:00 PM,165.69,165.69
,1:00:00 PM,53.27,53.27
,2:00:00 PM,24.59,13.79
,3:00:00 PM,0,0
,4:00:00 PM,333.17,333.17
,5:00:00 PM,325.19,325.19
,6:00:00 PM,2542.06,2542.06
,7:00:00 PM,414.63,414.63
,8:00:00 PM,1855.9,1855.9
,9:00:00 PM,789.45,646.95
,10:00:00 PM,0,0
,11:00:00 PM,0,0
10/24/2025,,,
,12:00:00 AM,0,0
,1:00:00 AM,0,0
,2:00:00 AM,0,0
,3:00:00 AM,0,0
,4:00:00 AM,0,0
,5:00:00 AM,0,0
,6:00:00 AM,0,0
,7:00:00 AM,167.62,167.62
,8:00:00 AM,244.4,244.4
,9:00:00 AM,489.29,488.49
,10:00:00 AM,517.51,517.51
,11:00:00 AM,350.69,350.69
,12:00:00 PM,92.58,90.98
,1:00:00 PM,122.3,113.05
,2:00:00 PM,25.63,14.83
,3:00:00 PM,0,0
,4:00:00 PM,0,0
,5:00:00 PM,0,0
,6:00:00 PM,0,0
,7:00:00 PM,0,0
,8:00:00 PM,0,0
,9:00:00 PM,0,0
,10:00:00 PM,0,0
,11:00:00 PM,0,0
10/25/2025,,,
,12:00:00 AM,0,0
,1:00:00 AM,0,0
,2:00:00 AM,0,0
,3:00:00 AM,0,0
,4:00:00 AM,0,0
,5:00:00 AM,0,0
,6:00:00 AM,0,0
,7:00:00 AM,253.61,249.61
,8:00:00 AM,156.14,156.14
,9:00:00 AM,293.65,285.65
,10:00:00 AM,668.16,664.56
,11:00:00 AM,260.95,257.95
,12:00:00 PM,254.83,254.83
,1:00:00 PM,115.88,115.88
,2:00:00 PM,14.62,14.62
,3:00:00 PM,0,0
,4:00:00 PM,913.85,913.85
,5:00:00 PM,774.94,774.94
,6:00:00 PM,1181.21,1181.21
,7:00:00 PM,1532.13,1532.13
,8:00:00 PM,1274.17,1274.17
,9:00:00 PM,1600.02,1600.02
,10:00:00 PM,0,0
,11:00:00 PM,0,0
10/26/2025,,,
,12:00:00 AM,0,0
,1:00:00 AM,0,0
,2:00:00 AM,0,0
,3:00:00 AM,0,0
,4:00:00 AM,0,0
,5:00:00 AM,0,0
,6:00:00 AM,0,0
,7:00:00 AM,0,0
,8:00:00 AM,0,0
,9:00:00 AM,0,0
,10:00:00 AM,0,0
,11:00:00 AM,0,0
,12:00:00 PM,0,0
,1:00:00 PM,0,0
,2:00:00 PM,0,0
,3:00:00 PM,0,0
,4:00:00 PM,0,0
,5:00:00 PM,0,0
,6:00:00 PM,0,0
,7:00:00 PM,0,0
,8:00:00 PM,0,0
,9:00:00 PM,0,0
,10:00:00 PM,0,0
,11:00:00 PM,0,0
10/27/2025,,,
,12:00:00 AM,0,0
,1:00:00 AM,0,0
,2:00:00 AM,0,0
,3:00:00 AM,0,0
,4:00:00 AM,0,0
,5:00:00 AM,0,0
,6:00:00 AM,0,0
,7:00:00 AM,0,0
,8:00:00 AM,0,0
,9:00:00 AM,0,0
,10:00:00 AM,0,0
,11:00:00 AM,0,0
,12:00:00 PM,0,0
,1:00:00 PM,0,0
,2:00:00 PM,0,0
,3:00:00 PM,0,0
,4:00:00 PM,0,0
,5:00:00 PM,0,0
,6:00:00 PM,0,0
,7:00:00 PM,0,0
,8:00:00 PM,0,0
,9:00:00 PM,0,0
,10:00:00 PM,0,0
,11:00:00 PM,0,0
10/28/2025,,,
,12:00:00 AM,0,0
,1:00:00 AM,0,0
,2:00:00 AM,0,0
,3:00:00 AM,0,0
,4:00:00 AM,0,0
,5:00:00 AM,0,0
,6:00:00 AM,0,0
,7:00:00 AM,0,0
,8:00:00 AM,0,0
,9:00:00 AM,0,0
,10:00:00 AM,0,0
,11:00:00 AM,0,0
,12:00:00 PM,0,0
,1:00:00 PM,0,0
,2:00:00 PM,0,0
,3:00:00 PM,0,0
,4:00:00 PM,0,0
,5:00:00 PM,0,0
,6:00:00 PM,0,0
,7:00:00 PM,0,0
,8:00:00 PM,0,0
,9:00:00 PM,0,0
,10:00:00 PM,0,0
,11:00:00 PM,0,0
10/29/2025,,,
,12:00:00 AM,0,0
,1:00:00 AM,0,0
,2:00:00 AM,0,0
,3:00:00 AM,0,0
,4:00:00 AM,0,0
,5:00:00 AM,0,0
,6:00:00 AM,0,0
,7:00:00 AM,6,6
,8:00:00 AM,195.31,195.31
,9:00:00 AM,154.56,154.56
,10:00:00 AM,196.87,196.87
,11:00:00 AM,229.55,229.55
,12:00:00 PM,124.81,124.81
,1:00:00 PM,122.19,122.19
,2:00:00 PM,0,0
,3:00:00 PM,0,0
,4:00:00 PM,824.03,824.03
,5:00:00 PM,438.65,438.65
,6:00:00 PM,1582.96,1410.46
,7:00:00 PM,1324.29,1324.29
,8:00:00 PM,1997.94,1997.94
,9:00:00 PM,613.76,613.76
,10:00:00 PM,0,0
,11:00:00 PM,0,0
10/30/2025,,,
,12:00:00 AM,0,0
,1:00:00 AM,0,0
,2:00:00 AM,0,0
,3:00:00 AM,0,0
,4:00:00 AM,0,0
,5:00:00 AM,0,0
,6:00:00 AM,0,0
,7:00:00 AM,93.54,83.54
,8:00:00 AM,70.5,70.5
,9:00:00 AM,196.35,196.35
,10:00:00 AM,303.3,301.1
,11:00:00 AM,42.77,41.67
,12:00:00 PM,424.99,422.99
,1:00:00 PM,0,0
,2:00:00 PM,57.19,51.69
,3:00:00 PM,0,0
,4:00:00 PM,959.81,959.81
,5:00:00 PM,537.66,537.66
,6:00:00 PM,2434.49,2434.49
,7:00:00 PM,625.6,625.6
,8:00:00 PM,2210.83,2210.83
,9:00:00 PM,491.92,491.92
,10:00:00 PM,0,0
,11:00:00 PM,0,0
10/31/2025,,,
,12:00:00 AM,0,0
,1:00:00 AM,0,0
,2:00:00 AM,0,0
,3:00:00 AM,0,0
,4:00:00 AM,0,0
,5:00:00 AM,0,0
,6:00:00 AM,0,0
,7:00:00 AM,39.68,39.68
,8:00:00 AM,111.75,111.75
,9:00:00 AM,182.77,182.77
,10:00:00 AM,412.36,408.46
,11:00:00 AM,363.74,363.74
,12:00:00 PM,558.2,557.5
,1:00:00 PM,200.5,199.7
,2:00:00 PM,0,0
,3:00:00 PM,18.8,18.8
,4:00:00 PM,519.06,519.06
,5:00:00 PM,873.12,873.12
,6:00:00 PM,2227.7,2227.7
,7:00:00 PM,254.83,254.83
,8:00:00 PM,1258.51,1258.51
,9:00:00 PM,1543.62,1543.62
,10:00:00 PM,0,0
,11:00:00 PM,0,0
11/01/2025,,,
,12:00:00 AM,0,0
,1:00:00 AM,0,0
,2:00:00 AM,0,0
,3:00:00 AM,0,0
,4:00:00 AM,0,0
,5:00:00 AM,0,0
,6:00:00 AM,0,0
,7:00:00 AM,28.4,28.4
,8:00:00 AM,16.19,16.19
,9:00:00 AM,209.7,209.7
,10:00:00 AM,319.34,306.84
,11:00:00 AM,134.73,134.73
,12:00:00 PM,204.91,204.91
,1:00:00 PM,125.86,125.86
,2:00:00 PM,0,0
,3:00:00 PM,0,0
,4:00:00 PM,923.25,923.25
,5:00:00 PM,808.36,808.36
,6:00:00 PM,2085.67,2085.67
,7:00:00 PM,911.77,911.77
,8:00:00 PM,1353.54,1353.54
,9:00:00 PM,1628.21,1628.21
,10:00:00 PM,0,0
,11:00:00 PM,0,0
11/02/2025,,,
,12:00:00 AM,0,0
,1:00:00 AM,0,0
,2:00:00 AM,0,0
,3:00:00 AM,0,0
,4:00:00 AM,0,0
,5:00:00 AM,0,0
,6:00:00 AM,0,0
,7:00:00 AM,0,0
,8:00:00 AM,0,0
,9:00:00 AM,0,0
,10:00:00 AM,0,0
,11:00:00 AM,0,0
,12:00:00 PM,0,0
,1:00:00 PM,0,0
,2:00:00 PM,0,0
,3:00:00 PM,0,0
,4:00:00 PM,0,0
,5:00:00 PM,0,0
,6:00:00 PM,0,0
,7:00:00 PM,0,0
,8:00:00 PM,0,0
,9:00:00 PM,0,0
,10:00:00 PM,0,0
,11:00:00 PM,0,0
11/03/2025,,,
,12:00:00 AM,0,0
,1:00:00 AM,0,0
,2:00:00 AM,0,0
,3:00:00 AM,0,0
,4:00:00 AM,0,0
,5:00:00 AM,0,0
,6:00:00 AM,0,0
,7:00:00 AM,0,0
,8:00:00 AM,0,0
,9:00:00 AM,0,0
,10:00:00 AM,0,0
,11:00:00 AM,0,0
,12:00:00 PM,0,0
,1:00:00 PM,0,0
,2:00:00 PM,0,0
,3:00:00 PM,0,0
,4:00:00 PM,0,0
,5:00:00 PM,0,0
,6:00:00 PM,0,0
,7:00:00 PM,0,0
,8:00:00 PM,0,0
,9:00:00 PM,0,0
,10:00:00 PM,0,0
,11:00:00 PM,0,0
11/04/2025,,,
,12:00:00 AM,0,0
,1:00:00 AM,0,0
,2:00:00 AM,0,0
,3:00:00 AM,0,0
,4:00:00 AM,0,0
,5:00:00 AM,0,0
,6:00:00 AM,0,0
,7:00:00 AM,0,0
,8:00:00 AM,0,0
,9:00:00 AM,0,0
,10:00:00 AM,0,0
,11:00:00 AM,0,0
,12:00:00 PM,0,0
,1:00:00 PM,0,0
,2:00:00 PM,0,0
,3:00:00 PM,0,0
,4:00:00 PM,0,0
,5:00:00 PM,0,0
,6:00:00 PM,0,0
,7:00:00 PM,0,0
,8:00:00 PM,0,0
,9:00:00 PM,0,0
,10:00:00 PM,0,0
,11:00:00 PM,0,0
11/05/2025,,,
,12:00:00 AM,0,0
,1:00:00 AM,0,0
,2:00:00 AM,0,0
,3:00:00 AM,0,0
,4:00:00 AM,0,0
,5:00:00 AM,0,0
,6:00:00 AM,0,0
,7:00:00 AM,0,0
,8:00:00 AM,266.85,266.85
,9:00:00 AM,43.47,43.47
,10:00:00 AM,367.64,367.64
,11:00:00 AM,163.96,163.96
,12:00:00 PM,310.12,310.12
,1:00:00 PM,233.73,228.83
,2:00:00 PM,80.36,77.46
,3:00:00 PM,181.73,181.73
,4:00:00 PM,20,20
,5:00:00 PM,1017.25,1017.25
,6:00:00 PM,175.46,175.46
,7:00:00 PM,2050.17,2050.17
,8:00:00 PM,1278.35,1278.35
,9:00:00 PM,2307.08,2307.08
,10:00:00 PM,832.39,832.39
,11:00:00 PM,0,0
11/06/2025,,,
,12:00:00 AM,0,0
,1:00:00 AM,0,0
,2:00:00 AM,0,0
,3:00:00 AM,0,0
,4:00:00 AM,0,0
,5:00:00 AM,0,0
,6:00:00 AM,0,0
,7:00:00 AM,0,0
,8:00:00 AM,50.13,50.13
,9:00:00 AM,21.95,21.95
,10:00:00 AM,86.44,80.84
,11:00:00 AM,56.92,56.92
,12:00:00 PM,146.21,146.21
,1:00:00 PM,79.37,79.37
,2:00:00 PM,90.19,63.19
,3:00:00 PM,11.24,5.74
,4:00:00 PM,0,0
,5:00:00 PM,886.7,886.7
,6:00:00 PM,242.42,242.42
,7:00:00 PM,1711.77,1711.77
,8:00:00 PM,1783.83,1783.83
,9:00:00 PM,1912.28,1912.28
,10:00:00 PM,1564.53,1564.53
,11:00:00 PM,0,0
11/07/2025,,,
,12:00:00 AM,0,0
,1:00:00 AM,0,0
,2:00:00 AM,0,0
,3:00:00 AM,0,0
,4:00:00 AM,0,0
,5:00:00 AM,0,0
,6:00:00 AM,0,0
,7:00:00 AM,0,0
,8:00:00 AM,48.04,48.04
,9:00:00 AM,47.53,47.53
,10:00:00 AM,88.78,88.78
,11:00:00 AM,243.06,236.56
,12:00:00 PM,144.02,144.02
,1:00:00 PM,139.95,139.95
,2:00:00 PM,357.17,356.87
,3:00:00 PM,0,0
,4:00:00 PM,0,0
,5:00:00 PM,1106.02,1106.02
,6:00:00 PM,773.9,773.9
,7:00:00 PM,2925.35,2925.35
,8:00:00 PM,322.72,322.72
,9:00:00 PM,1469.87,1431.87
,10:00:00 PM,1303.55,1071.55
,11:00:00 PM,0,0
11/08/2025,,,
,12:00:00 AM,0,0
,1:00:00 AM,0,0
,2:00:00 AM,0,0
,3:00:00 AM,0,0
,4:00:00 AM,0,0
,5:00:00 AM,0,0
,6:00:00 AM,0,0
,7:00:00 AM,0,0
,8:00:00 AM,69.76,69.76
,9:00:00 AM,156.68,156.68
,10:00:00 AM,152.47,152.47
,11:00:00 AM,612.79,592.79
,12:00:00 PM,491.92,491.92
,1:00:00 PM,302.21,301.61
,2:00:00 PM,180.16,180.16
,3:00:00 PM,0,0
,4:00:00 PM,0,0
,5:00:00 PM,751.96,751.96
,6:00:00 PM,728.99,728.99
,7:00:00 PM,1476.78,1476.78
,8:00:00 PM,1972.86,1972.86
,9:00:00 PM,788.95,788.95
,10:00:00 PM,1447.54,1447.54
,11:00:00 PM,0,0
11/09/2025,,,
,12:00:00 AM,0,0
,1:00:00 AM,0,0
,2:00:00 AM,0,0
,3:00:00 AM,0,0
,4:00:00 AM,0,0
,5:00:00 AM,0,0
,6:00:00 AM,0,0
,7:00:00 AM,0,0
,8:00:00 AM,0,0
,9:00:00 AM,0,0
,10:00:00 AM,0,0
,11:00:00 AM,0,0
,12:00:00 PM,0,0
,1:00:00 PM,0,0
,2:00:00 PM,0,0
,3:00:00 PM,0,0
,4:00:00 PM,0,0
,5:00:00 PM,0,0
,6:00:00 PM,0,0
,7:00:00 PM,0,0
,8:00:00 PM,0,0
,9:00:00 PM,0,0
,10:00:00 PM,0,0
,11:00:00 PM,0,0
11/10/2025,,,
,12:00:00 AM,0,0
,1:00:00 AM,0,0
,2:00:00 AM,0,0
,3:00:00 AM,0,0
,4:00:00 AM,0,0
,5:00:00 AM,0,0
,6:00:00 AM,0,0
,7:00:00 AM,0,0
,8:00:00 AM,0,0
,9:00:00 AM,0,0
,10:00:00 AM,0,0
,11:00:00 AM,0,0
,12:00:00 PM,0,0
,1:00:00 PM,0,0
,2:00:00 PM,0,0
,3:00:00 PM,28.68,27.78
,4:00:00 PM,0,0
,5:00:00 PM,0,0
,6:00:00 PM,0,0
,7:00:00 PM,0,0
,8:00:00 PM,0,0
,9:00:00 PM,0,0
,10:00:00 PM,0,0
,11:00:00 PM,0,0
11/11/2025,,,
,12:00:00 AM,0,0
,1:00:00 AM,0,0
,2:00:00 AM,0,0
,3:00:00 AM,0,0
,4:00:00 AM,0,0
,5:00:00 AM,0,0
,6:00:00 AM,0,0
,7:00:00 AM,0,0
,8:00:00 AM,0,0
,9:00:00 AM,0,0
,10:00:00 AM,0,0
,11:00:00 AM,0,0
,12:00:00 PM,0,0
,1:00:00 PM,0,0
,2:00:00 PM,0,0
,3:00:00 PM,0,0
,4:00:00 PM,0,0
,5:00:00 PM,0,0
,6:00:00 PM,0,0
,7:00:00 PM,0,0
,8:00:00 PM,0,0
,9:00:00 PM,0,0
,10:00:00 PM,0,0
,11:00:00 PM,0,0
11/12/2025,,,
,12:00:00 AM,0,0
,1:00:00 AM,0,0
,2:00:00 AM,0,0
,3:00:00 AM,0,0
,4:00:00 AM,0,0
,5:00:00 AM,0,0
,6:00:00 AM,0,0
,7:00:00 AM,0,0
,8:00:00 AM,26.11,26.11
,9:00:00 AM,31.3,30.6
,10:00:00 AM,213.57,213.57
,11:00:00 AM,193.21,193.21
,12:00:00 PM,296.61,296.61
,1:00:00 PM,30.81,30.81
,2:00:00 PM,208.82,207.32
,3:00:00 PM,0,0
,4:00:00 PM,0,0
,5:00:00 PM,649.62,649.62
,6:00:00 PM,707.06,707.06
,7:00:00 PM,1475.74,1475.74
,8:00:00 PM,842.84,842.84
,9:00:00 PM,1905,1905
,10:00:00 PM,944.14,944.14
,11:00:00 PM,0,0
11/13/2025,,,
,12:00:00 AM,0,0
,1:00:00 AM,0,0
,2:00:00 AM,0,0
,3:00:00 AM,0,0
,4:00:00 AM,0,0
,5:00:00 AM,0,0
,6:00:00 AM,0,0
,7:00:00 AM,0,0
,8:00:00 AM,48.31,42.81
,9:00:00 AM,119.95,116.25
,10:00:00 AM,187.06,187.06
,11:00:00 AM,124.28,124.28
,12:00:00 PM,278.97,238.27
,1:00:00 PM,14.62,14.62
,2:00:00 PM,72.91,44.91
,3:00:00 PM,0,0
,4:00:00 PM,0,0
,5:00:00 PM,527.42,527.42
,6:00:00 PM,185.9,185.9
,7:00:00 PM,1632.4,1632.4
,8:00:00 PM,694.31,618.81
,9:00:00 PM,1719.08,1719.08
,10:00:00 PM,991.89,991.89
,11:00:00 PM,0,0
11/14/2025,,,
,12:00:00 AM,0,0
,1:00:00 AM,0,0
,2:00:00 AM,0,0
,3:00:00 AM,0,0
,4:00:00 AM,0,0
,5:00:00 AM,0,0
,6:00:00 AM,0,0
,7:00:00 AM,0,0
,8:00:00 AM,222.46,222.46
,9:00:00 AM,386.95,386.95
,10:00:00 AM,169.89,169.89
,11:00:00 AM,89.21,87.31
,12:00:00 PM,371.83,371.83
,1:00:00 PM,124.29,124.29
,2:00:00 PM,109.23,99.73
,3:00:00 PM,0,0
,4:00:00 PM,96.08,96.08
,5:00:00 PM,719.59,719.59
,6:00:00 PM,1134,1134
,7:00:00 PM,1024.55,1024.55
,8:00:00 PM,1122.73,1122.73
,9:00:00 PM,1967.64,1967.64
,10:00:00 PM,1201.06,1201.06
,11:00:00 PM,0,0
11/15/2025,,,
,12:00:00 AM,0,0
,1:00:00 AM,0,0
,2:00:00 AM,0,0
,3:00:00 AM,0,0
,4:00:00 AM,0,0
,5:00:00 AM,0,0
,6:00:00 AM,0,0
,7:00:00 AM,0,0
,8:00:00 AM,111.23,111.23
,9:00:00 AM,263.7,263.7
,10:00:00 AM,233.69,221.69
,11:00:00 AM,195,195
,12:00:00 PM,202.9,202.9
,1:00:00 PM,178.07,178.07
,2:00:00 PM,77.57,60.17
,3:00:00 PM,0,0
,4:00:00 PM,0,0
,5:00:00 PM,651.7,651.7
,6:00:00 PM,869.98,869.98
,7:00:00 PM,1666.87,1666.87
,8:00:00 PM,703.28,703.28
,9:00:00 PM,1880.96,1880.96
,10:00:00 PM,740.49,740.49
,11:00:00 PM,0,0
11/16/2025,,,
,12:00:00 AM,0,0
,1:00:00 AM,0,0
,2:00:00 AM,0,0
,3:00:00 AM,0,0
,4:00:00 AM,0,0
,5:00:00 AM,0,0
,6:00:00 AM,0,0
,7:00:00 AM,0,0
,8:00:00 AM,0,0
,9:00:00 AM,0,0
,10:00:00 AM,0,0
,11:00:00 AM,0,0
,12:00:00 PM,0,0
,1:00:00 PM,0,0
,2:00:00 PM,0,0
,3:00:00 PM,0,0
,4:00:00 PM,0,0
,5:00:00 PM,0,0
,6:00:00 PM,0,0
,7:00:00 PM,0.01,0.01
,8:00:00 PM,0,0
,9:00:00 PM,0,0
,10:00:00 PM,0,0
,11:00:00 PM,0,0
11/17/2025,,,
,12:00:00 AM,0,0
,1:00:00 AM,0,0
,2:00:00 AM,0,0
,3:00:00 AM,0,0
,4:00:00 AM,0,0
,5:00:00 AM,0,0
,6:00:00 AM,0,0
,7:00:00 AM,0,0
,8:00:00 AM,0,0
,9:00:00 AM,0,0
,10:00:00 AM,0,0
,11:00:00 AM,0,0
,12:00:00 PM,0,0
,1:00:00 PM,0,0
,2:00:00 PM,0,0
,3:00:00 PM,0,0
,4:00:00 PM,0,0
,5:00:00 PM,0,0
,6:00:00 PM,0,0
,7:00:00 PM,0,0
,8:00:00 PM,0,0
,9:00:00 PM,0,0
,10:00:00 PM,0,0
,11:00:00 PM,0,0
11/18/2025,,,
,12:00:00 AM,0,0
,1:00:00 AM,0,0
,2:00:00 AM,0,0
,3:00:00 AM,0,0
,4:00:00 AM,0,0
,5:00:00 AM,0,0
,6:00:00 AM,0,0
,7:00:00 AM,0,0
,8:00:00 AM,0,0
,9:00:00 AM,0,0
,10:00:00 AM,0,0
,11:00:00 AM,0,0
,12:00:00 PM,0,0
,1:00:00 PM,0,0
,2:00:00 PM,0,0
,3:00:00 PM,0,0
,4:00:00 PM,0,0
,5:00:00 PM,0,0
,6:00:00 PM,0,0
,7:00:00 PM,0,0
,8:00:00 PM,0,0
,9:00:00 PM,0,0
,10:00:00 PM,0,0
,11:00:00 PM,0,0
11/19/2025,,,
,12:00:00 AM,0,0
,1:00:00 AM,0,0
,2:00:00 AM,0,0
,3:00:00 AM,0,0
,4:00:00 AM,0,0
,5:00:00 AM,0,0
,6:00:00 AM,0,0
,7:00:00 AM,0,0
,8:00:00 AM,110.72,110.72
,9:00:00 AM,142.27,142.27
,10:00:00 AM,149.35,149.35
,11:00:00 AM,142.57,142.57
,12:00:00 PM,272.57,272.57
,1:00:00 PM,89.67,86.37
,2:00:00 PM,18.8,18.8
,3:00:00 PM,66.49,58.69
,4:00:00 PM,0,0
,5:00:00 PM,1159.29,1159.29
,6:00:00 PM,700.79,700.79
,7:00:00 PM,1822.48,1822.48
,8:00:00 PM,980.69,980.69
,9:00:00 PM,2521.19,2521.19
,10:00:00 PM,208.88,208.88
,11:00:00 PM,0,0
11/20/2025,,,
,12:00:00 AM,0,0
,1:00:00 AM,0,0
,2:00:00 AM,0,0
,3:00:00 AM,0,0
,4:00:00 AM,0,0
,5:00:00 AM,0,0
,6:00:00 AM,0,0
,7:00:00 AM,0,0
,8:00:00 AM,197.92,197.92
,9:00:00 AM,118.91,115.51
,10:00:00 AM,83.55,83.55
,11:00:00 AM,17.76,17.76
,12:00:00 PM,340.16,332.96
,1:00:00 PM,247.52,247.52
,2:00:00 PM,48.04,48.04
,3:00:00 PM,0,0
,4:00:00 PM,75.33,31.33
,5:00:00 PM,125.33,125.33
,6:00:00 PM,442.82,442.82
,7:00:00 PM,2294.55,2294.55
,8:00:00 PM,487.73,487.73
,9:00:00 PM,1529,1529
,10:00:00 PM,1617.77,1617.77
,11:00:00 PM,0,0
11/21/2025,,,
,12:00:00 AM,0,0
,1:00:00 AM,0,0
,2:00:00 AM,0,0
,3:00:00 AM,0,0
,4:00:00 AM,0,0
,5:00:00 AM,0,0
,6:00:00 AM,0,0
,7:00:00 AM,0,0
,8:00:00 AM,451.67,450.97
,9:00:00 AM,119.47,116.97
,10:00:00 AM,109.66,109.66
,11:00:00 AM,126.38,126.38
,12:00:00 PM,232.9,232.9
,1:00:00 PM,94.49,93.79
,2:00:00 PM,58.69,58.69
,3:00:00 PM,0,0
,4:00:00 PM,0,0
,5:00:00 PM,831.34,831.34
,6:00:00 PM,1306.54,1306.54
,7:00:00 PM,2445.98,2445.98
,8:00:00 PM,499.22,499.22
,9:00:00 PM,1742.05,1742.05
,10:00:00 PM,844.92,844.92
,11:00:00 PM,0,0
11/22/2025,,,
,12:00:00 AM,0,0
,1:00:00 AM,0,0
,2:00:00 AM,0,0
,3:00:00 AM,0,0
,4:00:00 AM,0,0
,5:00:00 AM,0,0
,6:00:00 AM,0,0
,7:00:00 AM,0,0
,8:00:00 AM,0,0
,9:00:00 AM,90.09,90.09
,10:00:00 AM,245.85,245.85
,11:00:00 AM,420.52,400.52
,12:00:00 PM,394.17,391.77
,1:00:00 PM,109.9,109.9
,2:00:00 PM,170.76,170.76
,3:00:00 PM,0,0
,4:00:00 PM,0,0
,5:00:00 PM,343.61,343.61
,6:00:00 PM,592.18,592.18
,7:00:00 PM,2632.93,2632.93
,8:00:00 PM,1001.58,1001.58
,9:00:00 PM,2403.16,2403.16
,10:00:00 PM,709.15,709.15
,11:00:00 PM,0,0
11/23/2025,,,
,12:00:00 AM,0,0
,1:00:00 AM,0,0
,2:00:00 AM,0,0
,3:00:00 AM,0,0
,4:00:00 AM,0,0
,5:00:00 AM,0,0
,6:00:00 AM,0,0
,7:00:00 AM,0,0
,8:00:00 AM,0,0
,9:00:00 AM,0,0
,10:00:00 AM,0,0
,11:00:00 AM,0,0
,12:00:00 PM,0,0
,1:00:00 PM,0,0
,2:00:00 PM,0,0
,3:00:00 PM,0,0
,4:00:00 PM,0,0
,5:00:00 PM,0,0
,6:00:00 PM,0,0
,7:00:00 PM,0,0
,8:00:00 PM,0,0
,9:00:00 PM,0,0
,10:00:00 PM,0,0
,11:00:00 PM,0,0
11/24/2025,,,
,12:00:00 AM,0,0
,1:00:00 AM,0,0
,2:00:00 AM,0,0
,3:00:00 AM,0,0
,4:00:00 AM,0,0
,5:00:00 AM,0,0
,6:00:00 AM,0,0
,7:00:00 AM,0,0
,8:00:00 AM,0,0
,9:00:00 AM,0,0
,10:00:00 AM,0,0
,11:00:00 AM,0,0
,12:00:00 PM,0,0
,1:00:00 PM,0,0
,2:00:00 PM,0,0
,3:00:00 PM,0,0
,4:00:00 PM,0,0
,5:00:00 PM,0,0
,6:00:00 PM,0,0
,7:00:00 PM,0,0
,8:00:00 PM,0,0
,9:00:00 PM,0,0
,10:00:00 PM,0,0
,11:00:00 PM,0,0
11/25/2025,,,
,12:00:00 AM,0,0
,1:00:00 AM,0,0
,2:00:00 AM,0,0
,3:00:00 AM,0,0
,4:00:00 AM,0,0
,5:00:00 AM,0,0
,6:00:00 AM,0,0
,7:00:00 AM,0,0
,8:00:00 AM,162.92,162.92
,9:00:00 AM,9.4,9.4
,10:00:00 AM,19.84,19.84
,11:00:00 AM,111.22,111.22
,12:00:00 PM,249.61,249.61
,1:00:00 PM,58.05,48.45
,2:00:00 PM,40.7,40
,3:00:00 PM,19.84,19.84
,4:00:00 PM,0,0
,5:00:00 PM,994.16,968.16
,6:00:00 PM,700.79,700.79
,7:00:00 PM,1757.71,1757.71
,8:00:00 PM,839.7,839.7
,9:00:00 PM,2022.39,2022.39
,10:00:00 PM,310.19,310.19
,11:00:00 PM,0,0
11/26/2025,,,
,12:00:00 AM,0,0
,1:00:00 AM,0,0
,2:00:00 AM,0,0
,3:00:00 AM,0,0
,4:00:00 AM,0,0
,5:00:00 AM,0,0
,6:00:00 AM,0,0
,7:00:00 AM,0,0
,8:00:00 AM,171.81,171.81
,9:00:00 AM,511.12,508.62
,10:00:00 AM,693.6,691.1
,11:00:00 AM,803.47,803.47
,12:00:00 PM,576.46,576.46
,1:00:00 PM,789.51,752.61
,2:00:00 PM,785.92,785.92
,3:00:00 PM,33.42,33.42
,4:00:00 PM,0,0
,5:00:00 PM,148.3,148.3
,6:00:00 PM,871.03,871.03
,7:00:00 PM,2713.34,2713.34
,8:00:00 PM,845.96,845.96
,9:00:00 PM,2702.16,2513.66
,10:00:00 PM,535.78,535.78
,11:00:00 PM,0,0
11/27/2025,,,
,12:00:00 AM,0,0
,1:00:00 AM,0,0
,2:00:00 AM,0,0
,3:00:00 AM,0,0
,4:00:00 AM,0,0
,5:00:00 AM,0,0
,6:00:00 AM,0,0
,7:00:00 AM,0,0
,8:00:00 AM,0,0
,9:00:00 AM,0,0
,10:00:00 AM,0,0
,11:00:00 AM,0,0
,12:00:00 PM,0,0
,1:00:00 PM,0,0
,2:00:00 PM,0,0
,3:00:00 PM,0,0
,4:00:00 PM,0,0
,5:00:00 PM,0,0
,6:00:00 PM,0,0
,7:00:00 PM,0,0
,8:00:00 PM,0,0
,9:00:00 PM,0,0
,10:00:00 PM,0,0
,11:00:00 PM,0,0
11/28/2025,,,
,12:00:00 AM,0,0
,1:00:00 AM,0,0
,2:00:00 AM,0,0
,3:00:00 AM,0,0
,4:00:00 AM,0,0
,5:00:00 AM,0,0
,6:00:00 AM,0,0
,7:00:00 AM,0,0
,8:00:00 AM,11.49,11.49
,9:00:00 AM,146.22,146.22
,10:00:00 AM,335.29,312.49
,11:00:00 AM,226.12,226.12
,12:00:00 PM,93.49,93.49
,1:00:00 PM,211.49,211.49
,2:00:00 PM,114.36,114.36
,3:00:00 PM,41.78,41.78
,4:00:00 PM,0,0
,5:00:00 PM,499.23,499.23
,6:00:00 PM,1120.31,1120.31
,7:00:00 PM,1910.21,1910.21
,8:00:00 PM,1582.26,1582.26
,9:00:00 PM,1661.64,1661.64
,10:00:00 PM,1232.39,1232.39
,11:00:00 PM,0,0
11/29/2025,,,
,12:00:00 AM,0,0
,1:00:00 AM,0,0
,2:00:00 AM,0,0
,3:00:00 AM,0,0
,4:00:00 AM,0,0
,5:00:00 AM,0,0
,6:00:00 AM,0,0
,7:00:00 AM,0,0
,8:00:00 AM,46.48,46.48
,9:00:00 AM,114.81,114.81
,10:00:00 AM,262.41,262.41
,11:00:00 AM,425.01,423.66
,12:00:00 PM,97.66,97.66
,1:00:00 PM,125.33,125.33
,2:00:00 PM,94.52,94.52
,3:00:00 PM,40.89,20.89
,4:00:00 PM,0,0
,5:00:00 PM,674.93,656.93
,6:00:00 PM,578.6,578.6
,7:00:00 PM,2353.42,1962.42
,8:00:00 PM,712.28,712.28
,9:00:00 PM,2283.11,2283.11
,10:00:00 PM,0,0
,11:00:00 PM,0,0
11/30/2025,,,
,12:00:00 AM,0,0
,1:00:00 AM,0,0
,2:00:00 AM,0,0
,3:00:00 AM,0,0
,4:00:00 AM,0,0
,5:00:00 AM,0,0
,6:00:00 AM,0,0
,7:00:00 AM,0,0
,8:00:00 AM,0,0
,9:00:00 AM,0,0
,10:00:00 AM,0,0
,11:00:00 AM,0,0
,12:00:00 PM,0,0
,1:00:00 PM,0,0
,2:00:00 PM,0,0
,3:00:00 PM,0,0
,4:00:00 PM,0,0
,5:00:00 PM,0,0
,6:00:00 PM,0,0
,7:00:00 PM,0,0
,8:00:00 PM,0,0
,9:00:00 PM,0,0
,10:00:00 PM,0,0
,11:00:00 PM,0,0
12/01/2025,,,
,12:00:00 AM,0,0
,1:00:00 AM,0,0
,2:00:00 AM,0,0
,3:00:00 AM,0,0
,4:00:00 AM,0,0
,5:00:00 AM,0,0
,6:00:00 AM,0,0
,7:00:00 AM,0,0
,8:00:00 AM,0,0
,9:00:00 AM,0,0
,10:00:00 AM,0,0
,11:00:00 AM,0,0
,12:00:00 PM,0,0
,1:00:00 PM,0,0
,2:00:00 PM,0,0
,3:00:00 PM,0,0
,4:00:00 PM,0,0
,5:00:00 PM,0,0
,6:00:00 PM,0,0
,7:00:00 PM,0,0
,8:00:00 PM,0,0
,9:00:00 PM,0,0
,10:00:00 PM,0,0
,11:00:00 PM,0,0
12/02/2025,,,
,12:00:00 AM,0,0
,1:00:00 AM,0,0
,2:00:00 AM,0,0
,3:00:00 AM,0,0
,4:00:00 AM,0,0
,5:00:00 AM,0,0
,6:00:00 AM,0,0
,7:00:00 AM,0,0
,8:00:00 AM,8.88,8.88
,9:00:00 AM,143.08,143.08
,10:00:00 AM,0,0
,11:00:00 AM,103.83,89.83
,12:00:00 PM,22.94,22.14
,1:00:00 PM,23.5,23.5
,2:00:00 PM,184.86,184.86
,3:00:00 PM,0,0
,4:00:00 PM,0,0
,5:00:00 PM,0,0
,6:00:00 PM,0,0
,7:00:00 PM,0,0
,8:00:00 PM,0,0
,9:00:00 PM,0,0
,10:00:00 PM,0,0
,11:00:00 PM,0,0
12/03/2025,,,
,12:00:00 AM,0,0
,1:00:00 AM,0,0
,2:00:00 AM,0,0
,3:00:00 AM,0,0
,4:00:00 AM,0,0
,5:00:00 AM,0,0
,6:00:00 AM,0,0
,7:00:00 AM,0,0
,8:00:00 AM,56.41,56.41
,9:00:00 AM,399.61,399.61
,10:00:00 AM,4193.42,4193.42
,11:00:00 AM,399.64,399.64
,12:00:00 PM,132.64,132.64
,1:00:00 PM,87.63,85.58
,2:00:00 PM,105.38,102.98
,3:00:00 PM,0,0
,4:00:00 PM,0,0
,5:00:00 PM,244.39,244.39
,6:00:00 PM,622.46,622.46
,7:00:00 PM,1193.85,1193.85
,8:00:00 PM,1271.03,1271.03
,9:00:00 PM,1887.23,1887.23
,10:00:00 PM,1230.31,1230.31
,11:00:00 PM,0,0
12/04/2025,,,
,12:00:00 AM,0,0
,1:00:00 AM,0,0
,2:00:00 AM,0,0
,3:00:00 AM,0,0
,4:00:00 AM,0,0
,5:00:00 AM,0,0
,6:00:00 AM,0,0
,7:00:00 AM,0,0
,8:00:00 AM,209.83,209.83
,9:00:00 AM,44.91,44.91
,10:00:00 AM,54.83,54.83
,11:00:00 AM,133.69,133.69
,12:00:00 PM,399.25,399.25
,1:00:00 PM,132.64,132.64
,2:00:00 PM,85.65,85.65
,3:00:00 PM,23.45,10.75
,4:00:00 PM,0,0
,5:00:00 PM,1239.73,1239.73
,6:00:00 PM,195.3,195.3
,7:00:00 PM,2165.05,2165.05
,8:00:00 PM,798.96,798.96
,9:00:00 PM,1204.19,1204.19
,10:00:00 PM,2064.78,2064.78
,11:00:00 PM,0,0
12/05/2025,,,
,12:00:00 AM,0,0
,1:00:00 AM,0,0
,2:00:00 AM,0,0
,3:00:00 AM,0,0
,4:00:00 AM,0,0
,5:00:00 AM,0,0
,6:00:00 AM,0,0
,7:00:00 AM,0,0
,8:00:00 AM,111.25,100.05
,9:00:00 AM,197.35,196.25
,10:00:00 AM,461.67,439.27
,11:00:00 AM,198.98,198.98
,12:00:00 PM,588.64,555.99
,1:00:00 PM,202.33,189.83
,2:00:00 PM,346.74,346.74
,3:00:00 PM,37.28,30.08
,4:00:00 PM,0,0
,5:00:00 PM,894.01,894.01
,6:00:00 PM,1151.91,1079.91
,7:00:00 PM,1270,1270
,8:00:00 PM,1616.73,1616.73
,9:00:00 PM,1771.31,1771.31
,10:00:00 PM,994.28,994.28
,11:00:00 PM,0,0
12/06/2025,,,
,12:00:00 AM,0,0
,1:00:00 AM,0,0
,2:00:00 AM,0,0
,3:00:00 AM,0,0
,4:00:00 AM,0,0
,5:00:00 AM,0,0
,6:00:00 AM,0,0
,7:00:00 AM,0,0
,8:00:00 AM,211.49,211.49
,9:00:00 AM,255.26,252.96
,10:00:00 AM,534.35,525.65
,11:00:00 AM,118.03,101.53
,12:00:00 PM,104.97,104.97
,1:00:00 PM,75.2,75.2
,2:00:00 PM,68.88,67.68
,3:00:00 PM,0,0
,4:00:00 PM,0,0
,5:00:00 PM,914.89,914.89
,6:00:00 PM,1060.06,1060.06
,7:00:00 PM,2134.76,2134.76
,8:00:00 PM,562.93,562.93
,9:00:00 PM,2316.48,2316.48
,10:00:00 PM,805.23,805.23
,11:00:00 PM,0,0
12/07/2025,,,
,12:00:00 AM,0,0
,1:00:00 AM,0,0
,2:00:00 AM,0,0
,3:00:00 AM,0,0
,4:00:00 AM,0,0
,5:00:00 AM,0,0
,6:00:00 AM,0,0
,7:00:00 AM,0,0
,8:00:00 AM,0,0
,9:00:00 AM,0,0
,10:00:00 AM,0,0
,11:00:00 AM,0,0
,12:00:00 PM,0,0
,1:00:00 PM,0,0
,2:00:00 PM,0,0
,3:00:00 PM,0,0
,4:00:00 PM,0,0
,5:00:00 PM,0,0
,6:00:00 PM,0,0
,7:00:00 PM,0,0
,8:00:00 PM,0,0
,9:00:00 PM,0,0
,10:00:00 PM,0,0
,11:00:00 PM,0,0
12/08/2025,,,
,12:00:00 AM,0,0
,1:00:00 AM,0,0
,2:00:00 AM,0,0
,3:00:00 AM,0,0
,4:00:00 AM,0,0
,5:00:00 AM,0,0
,6:00:00 AM,0,0
,7:00:00 AM,0,0
,8:00:00 AM,0,0
,9:00:00 AM,0,0
,10:00:00 AM,0,0
,11:00:00 AM,0,0
,12:00:00 PM,0,0
,1:00:00 PM,0,0
,2:00:00 PM,0,0
,3:00:00 PM,0,0
,4:00:00 PM,0,0
,5:00:00 PM,0,0
,6:00:00 PM,0,0
,7:00:00 PM,0,0
,8:00:00 PM,0,0
,9:00:00 PM,0,0
,10:00:00 PM,0,0
,11:00:00 PM,0,0
12/09/2025,,,
,12:00:00 AM,0,0
,1:00:00 AM,0,0
,2:00:00 AM,0,0
,3:00:00 AM,0,0
,4:00:00 AM,0,0
,5:00:00 AM,0,0
,6:00:00 AM,0,0
,7:00:00 AM,0,0
,8:00:00 AM,0,0
,9:00:00 AM,81.46,81.46
,10:00:00 AM,56.91,56.91
,11:00:00 AM,71.02,71.02
,12:00:00 PM,228.78,206.38
,1:00:00 PM,386.43,386.43
,2:00:00 PM,30.29,30.29
,3:00:00 PM,0,0
,4:00:00 PM,0,0
,5:00:00 PM,0,0
,6:00:00 PM,0,0
,7:00:00 PM,0,0
,8:00:00 PM,0,0
,9:00:00 PM,0,0
,10:00:00 PM,0,0
,11:00:00 PM,0,0
12/10/2025,,,
,12:00:00 AM,0,0
,1:00:00 AM,0,0
,2:00:00 AM,0,0
,3:00:00 AM,0,0
,4:00:00 AM,0,0
,5:00:00 AM,0,0
,6:00:00 AM,0,0
,7:00:00 AM,0,0
,8:00:00 AM,38.12,38.12
,9:00:00 AM,148.01,148.01
,10:00:00 AM,195.33,195.33
,11:00:00 AM,278.27,278.27
,12:00:00 PM,92.96,92.96
,1:00:00 PM,160.83,160.83
,2:00:00 PM,192.18,192.18
,3:00:00 PM,0,0
,4:00:00 PM,0,0
,5:00:00 PM,586.95,586.95
,6:00:00 PM,1215.15,1215.15
,7:00:00 PM,1393.98,1222.48
,8:00:00 PM,1759.81,1759.81
,9:00:00 PM,1589.58,1589.58
,10:00:00 PM,1177.03,1177.03
,11:00:00 PM,0,0
12/11/2025,,,
,12:00:00 AM,0,0
,1:00:00 AM,0,0
,2:00:00 AM,0,0
,3:00:00 AM,0,0
,4:00:00 AM,0,0
,5:00:00 AM,0,0
,6:00:00 AM,0,0
,7:00:00 AM,0,0
,8:00:00 AM,156.14,156.14
,9:00:00 AM,17.18,17.18
,10:00:00 AM,306.01,306.01
,11:00:00 AM,217.76,217.76
,12:00:00 PM,107.58,107.58
,1:00:00 PM,198.67,198.67
,2:00:00 PM,69.97,69.97
,3:00:00 PM,48.04,48.04
,4:00:00 PM,0,0
,5:00:00 PM,0,0
,6:00:00 PM,0,0
,7:00:00 PM,0,0
,8:00:00 PM,0,0
,9:00:00 PM,0,0
,10:00:00 PM,0,0
,11:00:00 PM,0,0
12/12/2025,,,
,12:00:00 AM,0,0
,1:00:00 AM,0,0
,2:00:00 AM,0,0
,3:00:00 AM,0,0
,4:00:00 AM,0,0
,5:00:00 AM,0,0
,6:00:00 AM,0,0
,7:00:00 AM,0,0
,8:00:00 AM,165.54,153.54
,9:00:00 AM,307.32,254.32
,10:00:00 AM,138.37,138.37
,11:00:00 AM,775.6,774.1
,12:00:00 PM,304.68,298.18
,1:00:00 PM,202.6,201.9
,2:00:00 PM,252.35,243.25
,3:00:00 PM,157.42,80.42
,4:00:00 PM,0,0
,5:00:00 PM,805.23,805.23
,6:00:00 PM,748.83,748.83
,7:00:00 PM,2166.09,2166.09
,8:00:00 PM,1128.99,1128.99
,9:00:00 PM,1040.47,1040.47
,10:00:00 PM,2203.93,2138.93
,11:00:00 PM,0,0
12/13/2025,,,
,12:00:00 AM,0,0
,1:00:00 AM,0,0
,2:00:00 AM,0,0
,3:00:00 AM,0,0
,4:00:00 AM,0,0
,5:00:00 AM,0,0
,6:00:00 AM,0,0
,7:00:00 AM,0,0
,8:00:00 AM,242.82,242.82
,9:00:00 AM,139.44,139.44
,10:00:00 AM,541.67,521.57
,11:00:00 AM,149.33,125.33
,12:00:00 PM,722.85,713.45
,1:00:00 PM,257.24,257.24
,2:00:00 PM,18.8,18.8
,3:00:00 PM,0,0
,4:00:00 PM,0,0
,5:00:00 PM,1001.58,1001.58
,6:00:00 PM,431.33,431.33
,7:00:00 PM,2229.79,2229.79
,8:00:00 PM,635,635
,9:00:00 PM,1593.76,1593.76
,10:00:00 PM,1241.8,1241.8
,11:00:00 PM,0,0
12/14/2025,,,
,12:00:00 AM,0,0
,1:00:00 AM,0,0
,2:00:00 AM,0,0
,3:00:00 AM,0,0
,4:00:00 AM,0,0
,5:00:00 AM,0,0
,6:00:00 AM,0,0
,7:00:00 AM,0,0
,8:00:00 AM,0,0
,9:00:00 AM,0,0
,10:00:00 AM,0,0
,11:00:00 AM,0,0
,12:00:00 PM,0,0
,1:00:00 PM,0,0
,2:00:00 PM,0,0
,3:00:00 PM,0,0
,4:00:00 PM,0,0
,5:00:00 PM,0,0
,6:00:00 PM,0,0
,7:00:00 PM,0,0
,8:00:00 PM,0,0
,9:00:00 PM,0,0
,10:00:00 PM,0,0
,11:00:00 PM,0,0
12/15/2025,,,
,12:00:00 AM,0,0
,1:00:00 AM,0,0
,2:00:00 AM,0,0
,3:00:00 AM,0,0
,4:00:00 AM,0,0
,5:00:00 AM,0,0
,6:00:00 AM,0,0
,7:00:00 AM,0,0
,8:00:00 AM,0,0
,9:00:00 AM,0,0
,10:00:00 AM,0,0
,11:00:00 AM,0,0
,12:00:00 PM,50.13,50.13
,1:00:00 PM,0,0
,2:00:00 PM,0,0
,3:00:00 PM,0,0
,4:00:00 PM,0,0
,5:00:00 PM,0,0
,6:00:00 PM,0,0
,7:00:00 PM,0,0
,8:00:00 PM,0,0
,9:00:00 PM,0,0
,10:00:00 PM,0,0
,11:00:00 PM,0,0
12/16/2025,,,
,12:00:00 AM,0,0
,1:00:00 AM,0,0
,2:00:00 AM,0,0
,3:00:00 AM,0,0
,4:00:00 AM,0,0
,5:00:00 AM,0,0
,6:00:00 AM,0,0
,7:00:00 AM,0,0
,8:00:00 AM,95.56,95.56
,9:00:00 AM,159.27,159.27
,10:00:00 AM,626.12,626.12
,11:00:00 AM,398.47,375.47
,12:00:00 PM,26.11,26.11
,1:00:00 PM,68.93,68.93
,2:00:00 PM,65.76,64.96
,3:00:00 PM,0,0
,4:00:00 PM,0,0
,5:00:00 PM,0,0
,6:00:00 PM,0,0
,7:00:00 PM,0,0
,8:00:00 PM,0,0
,9:00:00 PM,0,0
,10:00:00 PM,0,0
,11:00:00 PM,0,0
12/17/2025,,,
,12:00:00 AM,0,0
,1:00:00 AM,0,0
,2:00:00 AM,0,0
,3:00:00 AM,0,0
,4:00:00 AM,0,0
,5:00:00 AM,0,0
,6:00:00 AM,0,0
,7:00:00 AM,0,0
,8:00:00 AM,134.65,134.65
,9:00:00 AM,55.56,55.56
,10:00:00 AM,223.38,220.48
,11:00:00 AM,379.64,379.64
,12:00:00 PM,98.18,98.18
,1:00:00 PM,205.64,202.94
,2:00:00 PM,297.67,297.67
,3:00:00 PM,0,0
,4:00:00 PM,52.22,52.22
,5:00:00 PM,975.99,975.99
,6:00:00 PM,1036.04,1036.04
,7:00:00 PM,1444.4,1444.4
,8:00:00 PM,818.81,818.81
,9:00:00 PM,2191.13,2191.13
,10:00:00 PM,507.58,507.58
,11:00:00 PM,0,0
12/18/2025,,,
,12:00:00 AM,0,0
,1:00:00 AM,0,0
,2:00:00 AM,0,0
,3:00:00 AM,0,0
,4:00:00 AM,0,0
,5:00:00 AM,0,0
,6:00:00 AM,0,0
,7:00:00 AM,0,0
,8:00:00 AM,237.61,237.61
,9:00:00 AM,91.38,91.38
,10:00:00 AM,104.44,104.44
,11:00:00 AM,89.3,89.3
,12:00:00 PM,341.51,341.51
,1:00:00 PM,327.91,327.21
,2:00:00 PM,513.97,468.47
,3:00:00 PM,0,0
,4:00:00 PM,0,0
,5:00:00 PM,808.37,808.37
,6:00:00 PM,923.28,923.28
,7:00:00 PM,1920.67,1920.67
,8:00:00 PM,1061.11,1061.11
,9:00:00 PM,938.92,938.92
,10:00:00 PM,1851.72,1851.72
,11:00:00 PM,0,0
12/19/2025,,,
,12:00:00 AM,0,0
,1:00:00 AM,0,0
,2:00:00 AM,0,0
,3:00:00 AM,0,0
,4:00:00 AM,0,0
,5:00:00 AM,0,0
,6:00:00 AM,0,0
,7:00:00 AM,0,0
,8:00:00 AM,67.88,67.88
,9:00:00 AM,63.71,63.71
,10:00:00 AM,1681.47,1655.97
,11:00:00 AM,519.07,519.07
,12:00:00 PM,47.52,47.52
,1:00:00 PM,456.9,456.9
,2:00:00 PM,169.36,149.36
,3:00:00 PM,126.37,126.37
,4:00:00 PM,0,0
,5:00:00 PM,617.25,617.25
,6:00:00 PM,1282.84,1282.84
,7:00:00 PM,2812.56,2812.56
,8:00:00 PM,347.79,347.79
,9:00:00 PM,2428.22,2428.22
,10:00:00 PM,850.14,850.14
,11:00:00 PM,0,0
12/20/2025,,,
,12:00:00 AM,0,0
,1:00:00 AM,0,0
,2:00:00 AM,0,0
,3:00:00 AM,0,0
,4:00:00 AM,0,0
,5:00:00 AM,0,0
,6:00:00 AM,0,0
,7:00:00 AM,0,0
,8:00:00 AM,45.78,45.78
,9:00:00 AM,427.78,427.78
,10:00:00 AM,290.74,252.34
,11:00:00 AM,497.45,491.95
,12:00:00 PM,377.5,329.5
,1:00:00 PM,381.81,381.81
,2:00:00 PM,624.9,461.3
,3:00:00 PM,36.55,36.55
,4:00:00 PM,0,0
,5:00:00 PM,1242.83,1242.83
,6:00:00 PM,613.06,613.06
,7:00:00 PM,1733.7,1733.7
,8:00:00 PM,1021.41,950.41
,9:00:00 PM,1708.64,1708.64
,10:00:00 PM,1129.9,1056.4
,11:00:00 PM,0,0
12/21/2025,,,
,12:00:00 AM,0,0
,1:00:00 AM,0,0
,2:00:00 AM,0,0
,3:00:00 AM,0,0
,4:00:00 AM,0,0
,5:00:00 AM,0,0
,6:00:00 AM,0,0
,7:00:00 AM,0,0
,8:00:00 AM,0,0
,9:00:00 AM,0,0
,10:00:00 AM,0,0
,11:00:00 AM,0,0
,12:00:00 PM,0,0
,1:00:00 PM,0,0
,2:00:00 PM,0,0
,3:00:00 PM,0,0
,4:00:00 PM,0,0
,5:00:00 PM,0,0
,6:00:00 PM,0,0
,7:00:00 PM,0,0
,8:00:00 PM,0,0
,9:00:00 PM,0,0
,10:00:00 PM,0,0
,11:00:00 PM,0,0
12/22/2025,,,
,12:00:00 AM,0,0
,1:00:00 AM,0,0
,2:00:00 AM,0,0
,3:00:00 AM,0,0
,4:00:00 AM,0,0
,5:00:00 AM,0,0
,6:00:00 AM,0,0
,7:00:00 AM,0,0
,8:00:00 AM,0,0
,9:00:00 AM,0,0
,10:00:00 AM,0,0
,11:00:00 AM,0,0
,12:00:00 PM,0,0
,1:00:00 PM,0,0
,2:00:00 PM,80.42,80.42
,3:00:00 PM,0,0
,4:00:00 PM,0,0
,5:00:00 PM,0,0
,6:00:00 PM,0,0
,7:00:00 PM,0,0
,8:00:00 PM,0,0
,9:00:00 PM,0,0
,10:00:00 PM,0,0
,11:00:00 PM,0,0
12/23/2025,,,
,12:00:00 AM,0,0
,1:00:00 AM,0,0
,2:00:00 AM,0,0
,3:00:00 AM,0,0
,4:00:00 AM,0,0
,5:00:00 AM,0,0
,6:00:00 AM,0,0
,7:00:00 AM,0,0
,8:00:00 AM,52.22,52.22
,9:00:00 AM,509.74,488.44
,10:00:00 AM,561.36,490.26
,11:00:00 AM,445.44,410.34
,12:00:00 PM,1167.94,1068.94
,1:00:00 PM,278.71,278.71
,2:00:00 PM,745.44,653.34
,3:00:00 PM,284.08,284.08
,4:00:00 PM,79.38,79.38
,5:00:00 PM,966.06,966.06
,6:00:00 PM,668.42,668.42
,7:00:00 PM,2489.74,2463.74
,8:00:00 PM,269,269
,9:00:00 PM,1269.3,1206.8
,10:00:00 PM,1206,1206
,11:00:00 PM,0,0
12/24/2025,,,
,12:00:00 AM,0,0
,1:00:00 AM,0,0
,2:00:00 AM,0,0
,3:00:00 AM,0,0
,4:00:00 AM,0,0
,5:00:00 AM,0,0
,6:00:00 AM,0,0
,7:00:00 AM,0,0
,8:00:00 AM,69.44,69.44
,9:00:00 AM,733.68,615.48
,10:00:00 AM,506.3,477.2
,11:00:00 AM,419.38,349.78
,12:00:00 PM,539.75,499.35
,1:00:00 PM,265.28,265.28
,2:00:00 PM,316.86,278.96
,3:00:00 PM,0,0
,4:00:00 PM,0,0
,5:00:00 PM,2085.66,2085.66
,6:00:00 PM,0,0
,7:00:00 PM,1882.68,1882.68
,8:00:00 PM,896.6,837.6
,9:00:00 PM,2320.97,2320.97
,10:00:00 PM,1130.04,1130.04
,11:00:00 PM,0,0
12/25/2025,,,
,12:00:00 AM,0,0
,1:00:00 AM,0,0
,2:00:00 AM,0,0
,3:00:00 AM,0,0
,4:00:00 AM,0,0
,5:00:00 AM,0,0
,6:00:00 AM,0,0
,7:00:00 AM,0,0
,8:00:00 AM,0,0
,9:00:00 AM,0,0
,10:00:00 AM,0,0
,11:00:00 AM,0,0
,12:00:00 PM,0,0
,1:00:00 PM,0,0
,2:00:00 PM,0,0
,3:00:00 PM,0,0
,4:00:00 PM,0,0
,5:00:00 PM,0,0
,6:00:00 PM,0,0
,7:00:00 PM,0,0
,8:00:00 PM,0,0
,9:00:00 PM,0,0
,10:00:00 PM,0,0
,11:00:00 PM,0,0
12/26/2025,,,
,12:00:00 AM,0,0
,1:00:00 AM,0,0
,2:00:00 AM,0,0
,3:00:00 AM,0,0
,4:00:00 AM,0,0
,5:00:00 AM,0,0
,6:00:00 AM,0,0
,7:00:00 AM,0,0
,8:00:00 AM,6.27,6.27
,9:00:00 AM,0,0
,10:00:00 AM,51,44.7
,11:00:00 AM,66.84,66.84
,12:00:00 PM,39.57,39.57
,1:00:00 PM,0,0
,2:00:00 PM,0,0
,3:00:00 PM,0,0
,4:00:00 PM,0,0
,5:00:00 PM,1590.75,1590.75
,6:00:00 PM,0,0
,7:00:00 PM,2600.21,2600.21
,8:00:00 PM,0,0
,9:00:00 PM,2243.39,2243.39
,10:00:00 PM,761.37,761.37
,11:00:00 PM,0,0
12/27/2025,,,
,12:00:00 AM,0,0
,1:00:00 AM,0,0
,2:00:00 AM,0,0
,3:00:00 AM,0,0
,4:00:00 AM,0,0
,5:00:00 AM,0,0
,6:00:00 AM,0,0
,7:00:00 AM,0,0
,8:00:00 AM,20.89,20.89
,9:00:00 AM,107.12,107.12
,10:00:00 AM,198.72,193.32
,11:00:00 AM,15.15,15.15
,12:00:00 PM,0,0
,1:00:00 PM,0,0
,2:00:00 PM,0,0
,3:00:00 PM,0,0
,4:00:00 PM,50.13,50.13
,5:00:00 PM,1027.01,1027.01
,6:00:00 PM,590.08,590.08
,7:00:00 PM,1790.11,1790.11
,8:00:00 PM,1324.3,1324.3
,9:00:00 PM,1542.57,1542.57
,10:00:00 PM,1398.45,1398.45
,11:00:00 PM,0,0
12/28/2025,,,
,12:00:00 AM,0,0
,1:00:00 AM,0,0
,2:00:00 AM,0,0
,3:00:00 AM,0,0
,4:00:00 AM,0,0
,5:00:00 AM,0,0
,6:00:00 AM,0,0
,7:00:00 AM,0,0
,8:00:00 AM,0,0
,9:00:00 AM,0,0
,10:00:00 AM,0,0
,11:00:00 AM,0,0
,12:00:00 PM,0,0
,1:00:00 PM,0,0
,2:00:00 PM,0,0
,3:00:00 PM,0,0
,4:00:00 PM,0,0
,5:00:00 PM,0,0
,6:00:00 PM,0,0
,7:00:00 PM,0,0
,8:00:00 PM,0,0
,9:00:00 PM,0,0
,10:00:00 PM,0,0
,11:00:00 PM,0,0
12/29/2025,,,
,12:00:00 AM,0,0
,1:00:00 AM,0,0
,2:00:00 AM,0,0
,3:00:00 AM,0,0
,4:00:00 AM,0,0
,5:00:00 AM,0,0
,6:00:00 AM,0,0
,7:00:00 AM,0,0
,8:00:00 AM,0,0
,9:00:00 AM,0,0
,10:00:00 AM,0,0
,11:00:00 AM,0,0
,12:00:00 PM,0,0
,1:00:00 PM,0,0
,2:00:00 PM,0,0
,3:00:00 PM,0,0
,4:00:00 PM,0,0
,5:00:00 PM,0,0
,6:00:00 PM,0,0
,7:00:00 PM,0,0
,8:00:00 PM,0,0
,9:00:00 PM,0,0
,10:00:00 PM,0,0
,11:00:00 PM,0,0
12/30/2025,,,
,12:00:00 AM,0,0
,1:00:00 AM,0,0
,2:00:00 AM,0,0
,3:00:00 AM,0,0
,4:00:00 AM,0,0
,5:00:00 AM,0,0
,6:00:00 AM,0,0
,7:00:00 AM,0,0
,8:00:00 AM,11.49,11.49
,9:00:00 AM,95.71,87.31
,10:00:00 AM,42.3,42.3
,11:00:00 AM,159.79,159.79
,12:00:00 PM,48.04,48.04
,1:00:00 PM,0,0
,2:00:00 PM,0,0
,3:00:00 PM,0,0
,4:00:00 PM,0,0
,5:00:00 PM,250.66,250.66
,6:00:00 PM,0,0
,7:00:00 PM,0,0
,8:00:00 PM,0,0
,9:00:00 PM,0,0
,10:00:00 PM,0,0
,11:00:00 PM,0,0
12/31/2025,,,
,12:00:00 AM,0,0
,1:00:00 AM,0,0
,2:00:00 AM,0,0
,3:00:00 AM,0,0
,4:00:00 AM,0,0
,5:00:00 AM,0,0
,6:00:00 AM,0,0
,7:00:00 AM,0,0
,8:00:00 AM,24.03,24.03
,9:00:00 AM,48.04,48.04
,10:00:00 AM,230.86,193.26
,11:00:00 AM,323.38,323.38
,12:00:00 PM,42.82,42.82
,1:00:00 PM,0,0
,2:00:00 PM,0,0
,3:00:00 PM,0,0
,4:00:00 PM,0,0
,5:00:00 PM,0,0
,6:00:00 PM,255.88,255.88
,7:00:00 PM,1428.76,1428.76
,8:00:00 PM,0,0
,9:00:00 PM,0,0
,10:00:00 PM,1815.17,1815.17
,11:00:00 PM,0,0
Totals:,,1215501.35,1206464.28
